0,2000,2000,0.9,Difference,Not Fuzzy,Not removed stopwords,Full matrix,None,no_topic,,,Depression Model,Level user lowercase,binary,319,0.5819672131147541,{'C': 0.05}
0,2000,2000,0.9,Difference,Not Fuzzy,Not removed stopwords,Full matrix,None,no_topic,,,Depression Model,Level user lowercase,binary,243,0.5819672131147541,{'C': 0.05}
0,2000,2000,0.9,Difference,Not Fuzzy,Not removed stopwords,Full matrix,None,no_topic,,,Depression Model,Level user lowercase,binary,51,0.5819672131147541,{'C': 0.05}
0,2000,2000,0.9,Difference,Not Fuzzy,Not removed stopwords,Full matrix,None,no_topic,,,Depression Model,Level user lowercase,binary,526,0.5819672131147541,{'C': 0.05}
0,2000,2000,0.9,Difference,Not Fuzzy,Not removed stopwords,Full matrix,None,no_topic,,,Depression Model,Level user lowercase,binary,771,0.5819672131147541,{'C': 0.05}
1,1700,2000,0.9,Difference,Not Fuzzy,Not removed stopwords,Full matrix,None,no_topic,,,Depression Model,Level user lowercase,binary,192,0.5643153526970954,{'C': 4}
1,1700,2000,0.9,Difference,Not Fuzzy,Not removed stopwords,Full matrix,None,no_topic,,,Depression Model,Level user lowercase,binary,823,0.5643153526970954,{'C': 4}
1,1700,2000,0.9,Difference,Not Fuzzy,Not removed stopwords,Full matrix,None,no_topic,,,Depression Model,Level user lowercase,binary,782,0.5643153526970954,{'C': 4}
1,1700,2000,0.9,Difference,Not Fuzzy,Not removed stopwords,Full matrix,None,no_topic,,,Depression Model,Level user lowercase,binary,210,0.5643153526970954,{'C': 4}
1,1700,2000,0.9,Difference,Not Fuzzy,Not removed stopwords,Full matrix,None,no_topic,,,Depression Model,Level user lowercase,binary,775,0.5643153526970954,{'C': 4}
2,1700,2000,0.9,Difference,Fuzzy,Not removed stopwords,Full matrix,None,no_topic,,,Depression Model,Level user lowercase,binary,941,0.5666666666666667,{'C': 0.12}
2,1700,2000,0.9,Difference,Fuzzy,Not removed stopwords,Full matrix,None,no_topic,,,Depression Model,Level user lowercase,binary,868,0.5666666666666667,{'C': 0.12}
2,1700,2000,0.9,Difference,Fuzzy,Not removed stopwords,Full matrix,None,no_topic,,,Depression Model,Level user lowercase,binary,732,0.5666666666666667,{'C': 0.12}
2,1700,2000,0.9,Difference,Fuzzy,Not removed stopwords,Full matrix,None,no_topic,,,Depression Model,Level user lowercase,binary,722,0.5666666666666667,{'C': 0.12}
2,1700,2000,0.9,Difference,Fuzzy,Not removed stopwords,Full matrix,None,no_topic,,,Depression Model,Level user lowercase,binary,342,0.5666666666666667,{'C': 0.12}
3,2000,2000,0.9,Difference,Fuzzy,Not removed stopwords,Full matrix,None,no_topic,,,Depression Model,Level user lowercase,binary,356,0.5795918367346939,{'C': 0.05}
3,2000,2000,0.9,Difference,Fuzzy,Not removed stopwords,Full matrix,None,no_topic,,,Depression Model,Level user lowercase,binary,161,0.5795918367346939,{'C': 0.05}
3,2000,2000,0.9,Difference,Fuzzy,Not removed stopwords,Full matrix,None,no_topic,,,Depression Model,Level user lowercase,binary,593,0.5795918367346939,{'C': 0.05}
3,2000,2000,0.9,Difference,Fuzzy,Not removed stopwords,Full matrix,None,no_topic,,,Depression Model,Level user lowercase,binary,199,0.5795918367346939,{'C': 0.05}
3,2000,2000,0.9,Difference,Fuzzy,Not removed stopwords,Full matrix,None,no_topic,,,Depression Model,Level user lowercase,binary,889,0.5795918367346939,{'C': 0.05}
4,2000,2000,0.9,Difference,Not Fuzzy,Not removed stopwords,Full matrix,None,no_topic,,,Depression Model,Level post lowercase,binary,396,0.6111111111111112,{'C': 0.05}
4,2000,2000,0.9,Difference,Not Fuzzy,Not removed stopwords,Full matrix,None,no_topic,,,Depression Model,Level post lowercase,binary,119,0.6111111111111112,{'C': 0.05}
4,2000,2000,0.9,Difference,Not Fuzzy,Not removed stopwords,Full matrix,None,no_topic,,,Depression Model,Level post lowercase,binary,702,0.6111111111111112,{'C': 0.05}
4,2000,2000,0.9,Difference,Not Fuzzy,Not removed stopwords,Full matrix,None,no_topic,,,Depression Model,Level post lowercase,binary,746,0.6111111111111112,{'C': 0.05}
4,2000,2000,0.9,Difference,Not Fuzzy,Not removed stopwords,Full matrix,None,no_topic,,,Depression Model,Level post lowercase,binary,310,0.6111111111111112,{'C': 0.05}
5,1500,2000,0.9,Difference,Not Fuzzy,Not removed stopwords,Full matrix,None,no_topic,,,Depression Model,Level user lowercase,binary,157,0.6024096385542169,{'C': 0.05}
5,1500,2000,0.9,Difference,Not Fuzzy,Not removed stopwords,Full matrix,None,no_topic,,,Depression Model,Level user lowercase,binary,164,0.6024096385542169,{'C': 0.05}
5,1500,2000,0.9,Difference,Not Fuzzy,Not removed stopwords,Full matrix,None,no_topic,,,Depression Model,Level user lowercase,binary,481,0.6024096385542169,{'C': 0.05}
5,1500,2000,0.9,Difference,Not Fuzzy,Not removed stopwords,Full matrix,None,no_topic,,,Depression Model,Level user lowercase,binary,486,0.6024096385542169,{'C': 0.05}
5,1500,2000,0.9,Difference,Not Fuzzy,Not removed stopwords,Full matrix,None,no_topic,,,Depression Model,Level user lowercase,binary,573,0.6024096385542169,{'C': 0.05}
6,1500,2000,0.9,Difference,Fuzzy,Not removed stopwords,Full matrix,None,no_topic,,,Depression Model,Level user lowercase,binary,512,0.5770750988142292,{'C': 0.12}
6,1500,2000,0.9,Difference,Fuzzy,Not removed stopwords,Full matrix,None,no_topic,,,Depression Model,Level user lowercase,binary,509,0.5770750988142292,{'C': 0.12}
6,1500,2000,0.9,Difference,Fuzzy,Not removed stopwords,Full matrix,None,no_topic,,,Depression Model,Level user lowercase,binary,420,0.5770750988142292,{'C': 0.12}
6,1500,2000,0.9,Difference,Fuzzy,Not removed stopwords,Full matrix,None,no_topic,,,Depression Model,Level user lowercase,binary,883,0.5770750988142292,{'C': 0.12}
6,1500,2000,0.9,Difference,Fuzzy,Not removed stopwords,Full matrix,None,no_topic,,,Depression Model,Level user lowercase,binary,436,0.5770750988142292,{'C': 0.12}
7,1700,2000,0.9,Difference,Not Fuzzy,Not removed stopwords,Full matrix,None,no_topic,,,Depression Model,Level post lowercase,binary,336,0.6016260162601625,{'C': 0.05}
7,1700,2000,0.9,Difference,Not Fuzzy,Not removed stopwords,Full matrix,None,no_topic,,,Depression Model,Level post lowercase,binary,658,0.6016260162601625,{'C': 0.05}
7,1700,2000,0.9,Difference,Not Fuzzy,Not removed stopwords,Full matrix,None,no_topic,,,Depression Model,Level post lowercase,binary,804,0.6016260162601625,{'C': 0.05}
7,1700,2000,0.9,Difference,Not Fuzzy,Not removed stopwords,Full matrix,None,no_topic,,,Depression Model,Level post lowercase,binary,41,0.6016260162601625,{'C': 0.05}
7,1700,2000,0.9,Difference,Not Fuzzy,Not removed stopwords,Full matrix,None,no_topic,,,Depression Model,Level post lowercase,binary,433,0.6016260162601625,{'C': 0.05}
8,2000,2000,0.9,Difference,Fuzzy,Not removed stopwords,Full matrix,None,no_topic,,,Depression Model,Level post lowercase,binary,132,0.6111111111111112,{'C': 0.12}
8,2000,2000,0.9,Difference,Fuzzy,Not removed stopwords,Full matrix,None,no_topic,,,Depression Model,Level post lowercase,binary,751,0.6111111111111112,{'C': 0.12}
8,2000,2000,0.9,Difference,Fuzzy,Not removed stopwords,Full matrix,None,no_topic,,,Depression Model,Level post lowercase,binary,316,0.6111111111111112,{'C': 0.12}
8,2000,2000,0.9,Difference,Fuzzy,Not removed stopwords,Full matrix,None,no_topic,,,Depression Model,Level post lowercase,binary,53,0.6111111111111112,{'C': 0.12}
8,2000,2000,0.9,Difference,Fuzzy,Not removed stopwords,Full matrix,None,no_topic,,,Depression Model,Level post lowercase,binary,942,0.6111111111111112,{'C': 0.12}
9,1700,2000,0.9,Difference,Fuzzy,Not removed stopwords,Full matrix,None,no_topic,,,Depression Model,Level post lowercase,binary,653,0.6,{'C': 0.05}
9,1700,2000,0.9,Difference,Fuzzy,Not removed stopwords,Full matrix,None,no_topic,,,Depression Model,Level post lowercase,binary,454,0.6,{'C': 0.05}
9,1700,2000,0.9,Difference,Fuzzy,Not removed stopwords,Full matrix,None,no_topic,,,Depression Model,Level post lowercase,binary,593,0.6,{'C': 0.05}
9,1700,2000,0.9,Difference,Fuzzy,Not removed stopwords,Full matrix,None,no_topic,,,Depression Model,Level post lowercase,binary,60,0.6,{'C': 0.05}
9,1700,2000,0.9,Difference,Fuzzy,Not removed stopwords,Full matrix,None,no_topic,,,Depression Model,Level post lowercase,binary,302,0.6,{'C': 0.05}
10,2000,2000,0.95,Difference,Fuzzy,Not removed stopwords,Full matrix,None,no_topic,,,Depression Model,Level user lowercase,binary,52,0.606837606837607,{'C': 0.05}
10,2000,2000,0.95,Difference,Fuzzy,Not removed stopwords,Full matrix,None,no_topic,,,Depression Model,Level user lowercase,binary,192,0.606837606837607,{'C': 0.05}
10,2000,2000,0.95,Difference,Fuzzy,Not removed stopwords,Full matrix,None,no_topic,,,Depression Model,Level user lowercase,binary,484,0.606837606837607,{'C': 0.05}
10,2000,2000,0.95,Difference,Fuzzy,Not removed stopwords,Full matrix,None,no_topic,,,Depression Model,Level user lowercase,binary,653,0.606837606837607,{'C': 0.05}
10,2000,2000,0.95,Difference,Fuzzy,Not removed stopwords,Full matrix,None,no_topic,,,Depression Model,Level user lowercase,binary,648,0.606837606837607,{'C': 0.05}
11,2000,2000,0.95,Difference,Not Fuzzy,Not removed stopwords,Full matrix,None,no_topic,,,Depression Model,Level user lowercase,binary,741,0.6008583690987124,{'C': 0.05}
11,2000,2000,0.95,Difference,Not Fuzzy,Not removed stopwords,Full matrix,None,no_topic,,,Depression Model,Level user lowercase,binary,138,0.6008583690987124,{'C': 0.05}
11,2000,2000,0.95,Difference,Not Fuzzy,Not removed stopwords,Full matrix,None,no_topic,,,Depression Model,Level user lowercase,binary,448,0.6008583690987124,{'C': 0.05}
11,2000,2000,0.95,Difference,Not Fuzzy,Not removed stopwords,Full matrix,None,no_topic,,,Depression Model,Level user lowercase,binary,665,0.6008583690987124,{'C': 0.05}
11,2000,2000,0.95,Difference,Not Fuzzy,Not removed stopwords,Full matrix,None,no_topic,,,Depression Model,Level user lowercase,binary,673,0.6008583690987124,{'C': 0.05}
12,1500,2000,0.95,Difference,Not Fuzzy,Not removed stopwords,Full matrix,None,no_topic,,,Depression Model,Level post lowercase,binary,984,0.5892857142857143,{'C': 0.12}
12,1500,2000,0.95,Difference,Not Fuzzy,Not removed stopwords,Full matrix,None,no_topic,,,Depression Model,Level post lowercase,binary,344,0.5892857142857143,{'C': 0.12}
12,1500,2000,0.95,Difference,Not Fuzzy,Not removed stopwords,Full matrix,None,no_topic,,,Depression Model,Level post lowercase,binary,698,0.5892857142857143,{'C': 0.12}
12,1500,2000,0.95,Difference,Not Fuzzy,Not removed stopwords,Full matrix,None,no_topic,,,Depression Model,Level post lowercase,binary,353,0.5892857142857143,{'C': 0.12}
12,1500,2000,0.95,Difference,Not Fuzzy,Not removed stopwords,Full matrix,None,no_topic,,,Depression Model,Level post lowercase,binary,850,0.5892857142857143,{'C': 0.12}
13,1700,1500,0.95,Difference,Not Fuzzy,Not removed stopwords,Full matrix,None,no_topic,,,Depression Model,Level user lowercase,binary,918,0.5981308411214952,{'C': 0.12}
13,1700,1500,0.95,Difference,Not Fuzzy,Not removed stopwords,Full matrix,None,no_topic,,,Depression Model,Level user lowercase,binary,272,0.5981308411214952,{'C': 0.12}
13,1700,1500,0.95,Difference,Not Fuzzy,Not removed stopwords,Full matrix,None,no_topic,,,Depression Model,Level user lowercase,binary,361,0.5981308411214952,{'C': 0.12}
13,1700,1500,0.95,Difference,Not Fuzzy,Not removed stopwords,Full matrix,None,no_topic,,,Depression Model,Level user lowercase,binary,726,0.5981308411214952,{'C': 0.12}
13,1700,1500,0.95,Difference,Not Fuzzy,Not removed stopwords,Full matrix,None,no_topic,,,Depression Model,Level user lowercase,binary,584,0.5981308411214952,{'C': 0.12}
14,2000,2000,0.95,Difference,Fuzzy,Not removed stopwords,Full matrix,None,no_topic,,,Depression Model,Level post lowercase,binary,418,0.6008583690987124,{'C': 0.5}
14,2000,2000,0.95,Difference,Fuzzy,Not removed stopwords,Full matrix,None,no_topic,,,Depression Model,Level post lowercase,binary,109,0.6008583690987124,{'C': 0.5}
14,2000,2000,0.95,Difference,Fuzzy,Not removed stopwords,Full matrix,None,no_topic,,,Depression Model,Level post lowercase,binary,579,0.6008583690987124,{'C': 0.5}
14,2000,2000,0.95,Difference,Fuzzy,Not removed stopwords,Full matrix,None,no_topic,,,Depression Model,Level post lowercase,binary,342,0.6008583690987124,{'C': 0.5}
14,2000,2000,0.95,Difference,Fuzzy,Not removed stopwords,Full matrix,None,no_topic,,,Depression Model,Level post lowercase,binary,980,0.6008583690987124,{'C': 0.5}
15,2000,2000,0.95,Difference,Not Fuzzy,Not removed stopwords,Full matrix,None,no_topic,,,Depression Model,Level post lowercase,binary,824,0.6034482758620688,{'C': 0.25}
15,2000,2000,0.95,Difference,Not Fuzzy,Not removed stopwords,Full matrix,None,no_topic,,,Depression Model,Level post lowercase,binary,632,0.6034482758620688,{'C': 0.25}
15,2000,2000,0.95,Difference,Not Fuzzy,Not removed stopwords,Full matrix,None,no_topic,,,Depression Model,Level post lowercase,binary,915,0.6034482758620688,{'C': 0.25}
15,2000,2000,0.95,Difference,Not Fuzzy,Not removed stopwords,Full matrix,None,no_topic,,,Depression Model,Level post lowercase,binary,314,0.6034482758620688,{'C': 0.25}
15,2000,2000,0.95,Difference,Not Fuzzy,Not removed stopwords,Full matrix,None,no_topic,,,Depression Model,Level post lowercase,binary,777,0.6034482758620688,{'C': 0.25}
16,1500,2000,0.95,Difference,Fuzzy,Not removed stopwords,Full matrix,None,no_topic,,,Depression Model,Level post lowercase,binary,62,0.5955555555555555,{'C': 0.12}
16,1500,2000,0.95,Difference,Fuzzy,Not removed stopwords,Full matrix,None,no_topic,,,Depression Model,Level post lowercase,binary,420,0.5955555555555555,{'C': 0.12}
16,1500,2000,0.95,Difference,Fuzzy,Not removed stopwords,Full matrix,None,no_topic,,,Depression Model,Level post lowercase,binary,246,0.5955555555555555,{'C': 0.12}
16,1500,2000,0.95,Difference,Fuzzy,Not removed stopwords,Full matrix,None,no_topic,,,Depression Model,Level post lowercase,binary,229,0.5955555555555555,{'C': 0.12}
16,1500,2000,0.95,Difference,Fuzzy,Not removed stopwords,Full matrix,None,no_topic,,,Depression Model,Level post lowercase,binary,115,0.5955555555555555,{'C': 0.12}
17,1700,1500,0.95,Difference,Fuzzy,Not removed stopwords,Full matrix,None,no_topic,,,Depression Model,Level post lowercase,binary,365,0.5872340425531916,{'C': 0.05}
17,1700,1500,0.95,Difference,Fuzzy,Not removed stopwords,Full matrix,None,no_topic,,,Depression Model,Level post lowercase,binary,172,0.5872340425531916,{'C': 0.05}
17,1700,1500,0.95,Difference,Fuzzy,Not removed stopwords,Full matrix,None,no_topic,,,Depression Model,Level post lowercase,binary,8,0.5872340425531916,{'C': 0.05}
17,1700,1500,0.95,Difference,Fuzzy,Not removed stopwords,Full matrix,None,no_topic,,,Depression Model,Level post lowercase,binary,915,0.5872340425531916,{'C': 0.05}
17,1700,1500,0.95,Difference,Fuzzy,Not removed stopwords,Full matrix,None,no_topic,,,Depression Model,Level post lowercase,binary,335,0.5872340425531916,{'C': 0.05}
18,1700,1500,0.95,Difference,Not Fuzzy,Not removed stopwords,Full matrix,None,no_topic,,,Depression Model,Level post lowercase,binary,806,0.5932203389830508,{'C': 0.05}
18,1700,1500,0.95,Difference,Not Fuzzy,Not removed stopwords,Full matrix,None,no_topic,,,Depression Model,Level post lowercase,binary,918,0.5932203389830508,{'C': 0.05}
18,1700,1500,0.95,Difference,Not Fuzzy,Not removed stopwords,Full matrix,None,no_topic,,,Depression Model,Level post lowercase,binary,904,0.5932203389830508,{'C': 0.05}
18,1700,1500,0.95,Difference,Not Fuzzy,Not removed stopwords,Full matrix,None,no_topic,,,Depression Model,Level post lowercase,binary,402,0.5932203389830508,{'C': 0.05}
18,1700,1500,0.95,Difference,Not Fuzzy,Not removed stopwords,Full matrix,None,no_topic,,,Depression Model,Level post lowercase,binary,870,0.5932203389830508,{'C': 0.05}
19,1700,1500,0.95,Difference,Fuzzy,Not removed stopwords,Full matrix,None,no_topic,,,Depression Model,Level user lowercase,binary,8,0.6037735849056605,{'C': 0.25}
19,1700,1500,0.95,Difference,Fuzzy,Not removed stopwords,Full matrix,None,no_topic,,,Depression Model,Level user lowercase,binary,152,0.6037735849056605,{'C': 0.25}
19,1700,1500,0.95,Difference,Fuzzy,Not removed stopwords,Full matrix,None,no_topic,,,Depression Model,Level user lowercase,binary,87,0.6037735849056605,{'C': 0.25}
19,1700,1500,0.95,Difference,Fuzzy,Not removed stopwords,Full matrix,None,no_topic,,,Depression Model,Level user lowercase,binary,7,0.6037735849056605,{'C': 0.25}
19,1700,1500,0.95,Difference,Fuzzy,Not removed stopwords,Full matrix,None,no_topic,,,Depression Model,Level user lowercase,binary,942,0.6037735849056605,{'C': 0.25}
20,2000,2000,0.95,Difference,Fuzzy,Not removed stopwords,Full matrix,simple,no_topic,negative,5,Depression Model,Level user lowercase,binary,501,0.5800865800865801,{'C': 0.05}
20,2000,2000,0.95,Difference,Fuzzy,Not removed stopwords,Full matrix,simple,no_topic,negative,5,Depression Model,Level user lowercase,binary,781,0.5800865800865801,{'C': 0.05}
20,2000,2000,0.95,Difference,Fuzzy,Not removed stopwords,Full matrix,simple,no_topic,negative,5,Depression Model,Level user lowercase,binary,889,0.5800865800865801,{'C': 0.05}
20,2000,2000,0.95,Difference,Fuzzy,Not removed stopwords,Full matrix,simple,no_topic,negative,5,Depression Model,Level user lowercase,binary,922,0.5800865800865801,{'C': 0.05}
20,2000,2000,0.95,Difference,Fuzzy,Not removed stopwords,Full matrix,simple,no_topic,negative,5,Depression Model,Level user lowercase,binary,929,0.5800865800865801,{'C': 0.05}
21,15000,2000,0.95,Difference,Not Fuzzy,Not removed stopwords,Full matrix,simple,no_topic,negative,10,Depression Model,Level post lowercase,binary,42,0.5982142857142857,{'C': 0.5}
21,15000,2000,0.95,Difference,Not Fuzzy,Not removed stopwords,Full matrix,simple,no_topic,negative,10,Depression Model,Level post lowercase,binary,431,0.5982142857142857,{'C': 0.5}
21,15000,2000,0.95,Difference,Not Fuzzy,Not removed stopwords,Full matrix,simple,no_topic,negative,10,Depression Model,Level post lowercase,binary,851,0.5982142857142857,{'C': 0.5}
21,15000,2000,0.95,Difference,Not Fuzzy,Not removed stopwords,Full matrix,simple,no_topic,negative,10,Depression Model,Level post lowercase,binary,339,0.5982142857142857,{'C': 0.5}
21,15000,2000,0.95,Difference,Not Fuzzy,Not removed stopwords,Full matrix,simple,no_topic,negative,10,Depression Model,Level post lowercase,binary,744,0.5982142857142857,{'C': 0.5}
22,1500,1500,0.95,Difference,Fuzzy,Not removed stopwords,Full matrix,simple,no_topic,both,5-10,Depression Model,Level post lowercase,binary,179,0.5948275862068966,{'C': 0.05}
22,1500,1500,0.95,Difference,Fuzzy,Not removed stopwords,Full matrix,simple,no_topic,both,5-10,Depression Model,Level post lowercase,binary,831,0.5974025974025974,{'C': 0.12}
22,1500,1500,0.95,Difference,Fuzzy,Not removed stopwords,Full matrix,simple,no_topic,both,5-10,Depression Model,Level post lowercase,binary,234,0.6008583690987124,{'C': 0.05}
22,1500,1500,0.95,Difference,Fuzzy,Not removed stopwords,Full matrix,simple,no_topic,both,5-10,Depression Model,Level post lowercase,binary,357,0.5836909871244635,{'C': 0.05}
22,1500,1500,0.95,Difference,Fuzzy,Not removed stopwords,Full matrix,simple,no_topic,both,5-10,Depression Model,Level post lowercase,binary,195,0.5974025974025974,{'C': 0.05}
23,2000,2000,0.95,Difference,Fuzzy,Not removed stopwords,Full matrix,simple,no_topic,negative,5,Depression Model,Level user lowercase,binary,743,0.5800865800865801,{'C': 0.05}
23,2000,2000,0.95,Difference,Fuzzy,Not removed stopwords,Full matrix,simple,no_topic,negative,5,Depression Model,Level user lowercase,binary,181,0.5800865800865801,{'C': 0.05}
23,2000,2000,0.95,Difference,Fuzzy,Not removed stopwords,Full matrix,simple,no_topic,negative,5,Depression Model,Level user lowercase,binary,54,0.5800865800865801,{'C': 0.05}
23,2000,2000,0.95,Difference,Fuzzy,Not removed stopwords,Full matrix,simple,no_topic,negative,5,Depression Model,Level user lowercase,binary,372,0.5800865800865801,{'C': 0.05}
23,2000,2000,0.95,Difference,Fuzzy,Not removed stopwords,Full matrix,simple,no_topic,negative,5,Depression Model,Level user lowercase,binary,675,0.5800865800865801,{'C': 0.05}
24,2000,2000,0.95,Difference,Not Fuzzy,Not removed stopwords,Full matrix,simple,no_topic,positive,5,Depression Model,Level post lowercase,binary,424,0.5982905982905982,{'C': 0.25}
24,2000,2000,0.95,Difference,Not Fuzzy,Not removed stopwords,Full matrix,simple,no_topic,positive,5,Depression Model,Level post lowercase,binary,216,0.5982905982905982,{'C': 0.25}
24,2000,2000,0.95,Difference,Not Fuzzy,Not removed stopwords,Full matrix,simple,no_topic,positive,5,Depression Model,Level post lowercase,binary,994,0.5982905982905982,{'C': 0.25}
24,2000,2000,0.95,Difference,Not Fuzzy,Not removed stopwords,Full matrix,simple,no_topic,positive,5,Depression Model,Level post lowercase,binary,37,0.5982905982905982,{'C': 0.25}
24,2000,2000,0.95,Difference,Not Fuzzy,Not removed stopwords,Full matrix,simple,no_topic,positive,5,Depression Model,Level post lowercase,binary,119,0.5982905982905982,{'C': 0.25}
25,1700,1500,0.95,Difference,Not Fuzzy,Not removed stopwords,Full matrix,simple,no_topic,negative,5,Depression Model,Level post lowercase,binary,716,0.6,{'C': 0.05}
25,1700,1500,0.95,Difference,Not Fuzzy,Not removed stopwords,Full matrix,simple,no_topic,negative,5,Depression Model,Level post lowercase,binary,232,0.6,{'C': 0.05}
25,1700,1500,0.95,Difference,Not Fuzzy,Not removed stopwords,Full matrix,simple,no_topic,negative,5,Depression Model,Level post lowercase,binary,278,0.6,{'C': 0.05}
25,1700,1500,0.95,Difference,Not Fuzzy,Not removed stopwords,Full matrix,simple,no_topic,negative,5,Depression Model,Level post lowercase,binary,778,0.6,{'C': 0.05}
25,1700,1500,0.95,Difference,Not Fuzzy,Not removed stopwords,Full matrix,simple,no_topic,negative,5,Depression Model,Level post lowercase,binary,396,0.6,{'C': 0.05}
26,1500,1500,0.95,Difference,Fuzzy,Not removed stopwords,Full matrix,simple,no_topic,both,5-10,Depression Model,Level user lowercase,binary,682,0.5625000000000001,{'C': 0.05}
26,1500,1500,0.95,Difference,Fuzzy,Not removed stopwords,Full matrix,simple,no_topic,both,5-10,Depression Model,Level user lowercase,binary,46,0.5701357466063349,{'C': 0.12}
26,1500,1500,0.95,Difference,Fuzzy,Not removed stopwords,Full matrix,simple,no_topic,both,5-10,Depression Model,Level user lowercase,binary,450,0.5650224215246638,{'C': 0.12}
26,1500,1500,0.95,Difference,Fuzzy,Not removed stopwords,Full matrix,simple,no_topic,both,5-10,Depression Model,Level user lowercase,binary,314,0.5753424657534246,{'C': 0.12}
26,1500,1500,0.95,Difference,Fuzzy,Not removed stopwords,Full matrix,simple,no_topic,both,5-10,Depression Model,Level user lowercase,binary,231,0.5675675675675675,{'C': 0.12}
27,1500,1500,0.95,Difference,Not Fuzzy,Not removed stopwords,Full matrix,simple,no_topic,both,5-10,Depression Model,Level post lowercase,binary,57,0.5948275862068966,{'C': 0.05}
27,1500,1500,0.95,Difference,Not Fuzzy,Not removed stopwords,Full matrix,simple,no_topic,both,5-10,Depression Model,Level post lowercase,binary,402,0.592274678111588,{'C': 0.05}
27,1500,1500,0.95,Difference,Not Fuzzy,Not removed stopwords,Full matrix,simple,no_topic,both,5-10,Depression Model,Level post lowercase,binary,472,0.5948275862068966,{'C': 0.05}
27,1500,1500,0.95,Difference,Not Fuzzy,Not removed stopwords,Full matrix,simple,no_topic,both,5-10,Depression Model,Level post lowercase,binary,208,0.5887445887445887,{'C': 0.05}
27,1500,1500,0.95,Difference,Not Fuzzy,Not removed stopwords,Full matrix,simple,no_topic,both,5-10,Depression Model,Level post lowercase,binary,987,0.5913043478260871,{'C': 0.05}
28,1500,1500,0.95,Difference,Not Fuzzy,Not removed stopwords,Full matrix,simple,no_topic,both,5-10,Depression Model,Level post lowercase,binary,269,0.5948275862068966,{'C': 0.05}
28,1500,1500,0.95,Difference,Not Fuzzy,Not removed stopwords,Full matrix,simple,no_topic,both,5-10,Depression Model,Level post lowercase,binary,298,0.5887445887445887,{'C': 0.05}
28,1500,1500,0.95,Difference,Not Fuzzy,Not removed stopwords,Full matrix,simple,no_topic,both,5-10,Depression Model,Level post lowercase,binary,526,0.5982905982905982,{'C': 0.05}
28,1500,1500,0.95,Difference,Not Fuzzy,Not removed stopwords,Full matrix,simple,no_topic,both,5-10,Depression Model,Level post lowercase,binary,629,0.592274678111588,{'C': 0.05}
28,1500,1500,0.95,Difference,Not Fuzzy,Not removed stopwords,Full matrix,simple,no_topic,both,5-10,Depression Model,Level post lowercase,binary,258,0.6008583690987124,{'C': 0.05}
30,1700,1500,0.95,Difference,Not Fuzzy,Not removed stopwords,Full matrix,clustering,no_topic,negative,10,Depression Model,Level user lowercase,binary,799,0.5635359116022101,{'C': 0.05}
30,1700,1500,0.95,Difference,Not Fuzzy,Not removed stopwords,Full matrix,clustering,no_topic,negative,10,Depression Model,Level user lowercase,binary,840,0.5635359116022101,{'C': 0.05}
30,1700,1500,0.95,Difference,Not Fuzzy,Not removed stopwords,Full matrix,clustering,no_topic,negative,10,Depression Model,Level user lowercase,binary,643,0.5635359116022101,{'C': 0.05}
30,1700,1500,0.95,Difference,Not Fuzzy,Not removed stopwords,Full matrix,clustering,no_topic,negative,10,Depression Model,Level user lowercase,binary,101,0.5635359116022101,{'C': 0.05}
30,1700,1500,0.95,Difference,Not Fuzzy,Not removed stopwords,Full matrix,clustering,no_topic,negative,10,Depression Model,Level user lowercase,binary,768,0.5635359116022101,{'C': 0.05}
31,1500,2000,0.95,Difference,Not Fuzzy,Not removed stopwords,Full matrix,clustering,no_topic,positive,10,Depression Model,Level user lowercase,binary,162,0.5728155339805826,{'C': 0.12}
31,1500,2000,0.95,Difference,Not Fuzzy,Not removed stopwords,Full matrix,clustering,no_topic,positive,10,Depression Model,Level user lowercase,binary,547,0.5754716981132075,{'C': 0.05}
31,1500,2000,0.95,Difference,Not Fuzzy,Not removed stopwords,Full matrix,clustering,no_topic,positive,10,Depression Model,Level user lowercase,binary,894,0.5754716981132075,{'C': 0.05}
31,1500,2000,0.95,Difference,Not Fuzzy,Not removed stopwords,Full matrix,clustering,no_topic,positive,10,Depression Model,Level user lowercase,binary,608,0.5700483091787439,{'C': 0.12}
31,1500,2000,0.95,Difference,Not Fuzzy,Not removed stopwords,Full matrix,clustering,no_topic,positive,10,Depression Model,Level user lowercase,binary,11,0.5588235294117646,{'C': 0.12}
32,2000,2000,0.95,Difference,Fuzzy,Not removed stopwords,Full matrix,clustering,no_topic,negative,5,Depression Model,Level post lowercase,binary,650,0.5816733067729084,{'C': 0.05}
32,2000,2000,0.95,Difference,Fuzzy,Not removed stopwords,Full matrix,clustering,no_topic,negative,5,Depression Model,Level post lowercase,binary,704,0.5873015873015873,{'C': 0.05}
32,2000,2000,0.95,Difference,Fuzzy,Not removed stopwords,Full matrix,clustering,no_topic,negative,5,Depression Model,Level post lowercase,binary,743,0.5793650793650794,{'C': 0.05}
32,2000,2000,0.95,Difference,Fuzzy,Not removed stopwords,Full matrix,clustering,no_topic,negative,5,Depression Model,Level post lowercase,binary,298,0.584,{'C': 0.05}
32,2000,2000,0.95,Difference,Fuzzy,Not removed stopwords,Full matrix,clustering,no_topic,negative,5,Depression Model,Level post lowercase,binary,439,0.5816733067729084,{'C': 0.05}
33,1700,1500,0.95,Difference,Not Fuzzy,Not removed stopwords,Full matrix,clustering,no_topic,negativenegative,5-10,Depression Model,Level user lowercase,binary,545,0.5981308411214952,{'C': 0.12}
33,1700,1500,0.95,Difference,Not Fuzzy,Not removed stopwords,Full matrix,clustering,no_topic,negativenegative,5-10,Depression Model,Level user lowercase,binary,283,0.5981308411214952,{'C': 0.12}
33,1700,1500,0.95,Difference,Not Fuzzy,Not removed stopwords,Full matrix,clustering,no_topic,negativenegative,5-10,Depression Model,Level user lowercase,binary,147,0.5981308411214952,{'C': 0.12}
33,1700,1500,0.95,Difference,Not Fuzzy,Not removed stopwords,Full matrix,clustering,no_topic,negativenegative,5-10,Depression Model,Level user lowercase,binary,593,0.5981308411214952,{'C': 0.12}
33,1700,1500,0.95,Difference,Not Fuzzy,Not removed stopwords,Full matrix,clustering,no_topic,negativenegative,5-10,Depression Model,Level user lowercase,binary,983,0.5981308411214952,{'C': 0.12}
34,1500,2000,0.95,Difference,Not Fuzzy,Not removed stopwords,Full matrix,clustering,no_topic,negative,5,Depression Model,Level post lowercase,binary,622,0.6082949308755761,{'C': 0.05}
34,1500,2000,0.95,Difference,Not Fuzzy,Not removed stopwords,Full matrix,clustering,no_topic,negative,5,Depression Model,Level post lowercase,binary,816,0.5953488372093022,{'C': 0.05}
34,1500,2000,0.95,Difference,Not Fuzzy,Not removed stopwords,Full matrix,clustering,no_topic,negative,5,Depression Model,Level post lowercase,binary,495,0.5514018691588785,{'C': 0.5}
34,1500,2000,0.95,Difference,Not Fuzzy,Not removed stopwords,Full matrix,clustering,no_topic,negative,5,Depression Model,Level post lowercase,binary,390,0.588785046728972,{'C': 0.05}
34,1500,2000,0.95,Difference,Not Fuzzy,Not removed stopwords,Full matrix,clustering,no_topic,negative,5,Depression Model,Level post lowercase,binary,473,0.6082949308755761,{'C': 0.05}
35,1500,1500,0.95,Difference,Fuzzy,Not removed stopwords,Full matrix,clustering,no_topic,negative,5,Depression Model,Level post lowercase,binary,243,0.5932203389830508,{'C': 0.05}
35,1500,1500,0.95,Difference,Fuzzy,Not removed stopwords,Full matrix,clustering,no_topic,negative,5,Depression Model,Level post lowercase,binary,914,0.5836909871244635,{'C': 0.12}
35,1500,1500,0.95,Difference,Fuzzy,Not removed stopwords,Full matrix,clustering,no_topic,negative,5,Depression Model,Level post lowercase,binary,33,0.5872340425531916,{'C': 0.05}
35,1500,1500,0.95,Difference,Fuzzy,Not removed stopwords,Full matrix,clustering,no_topic,negative,5,Depression Model,Level post lowercase,binary,155,0.5932203389830508,{'C': 0.05}
35,1500,1500,0.95,Difference,Fuzzy,Not removed stopwords,Full matrix,clustering,no_topic,negative,5,Depression Model,Level post lowercase,binary,700,0.5836909871244635,{'C': 0.12}
36,2000,2000,0.95,Difference,Not Fuzzy,Not removed stopwords,Full matrix,clustering,no_topic,both,5,Depression Model,Level post lowercase,binary,404,0.25396825396825395,{'C': 1}
36,2000,2000,0.95,Difference,Not Fuzzy,Not removed stopwords,Full matrix,clustering,no_topic,both,5,Depression Model,Level post lowercase,binary,971,0.25396825396825395,{'C': 4}
36,2000,2000,0.95,Difference,Not Fuzzy,Not removed stopwords,Full matrix,clustering,no_topic,both,5,Depression Model,Level post lowercase,binary,815,0.25396825396825395,{'C': 2}
36,2000,2000,0.95,Difference,Not Fuzzy,Not removed stopwords,Full matrix,clustering,no_topic,both,5,Depression Model,Level post lowercase,binary,254,0.25396825396825395,{'C': 4}
36,2000,2000,0.95,Difference,Not Fuzzy,Not removed stopwords,Full matrix,clustering,no_topic,both,5,Depression Model,Level post lowercase,binary,738,0.25396825396825395,{'C': 1}
37,1500,2000,0.95,Difference,Not Fuzzy,Not removed stopwords,Full matrix,clustering,no_topic,negative,5-10,Depression Model,Level post lowercase,binary,423,0.5974025974025974,{'C': 0.05}
37,1500,2000,0.95,Difference,Not Fuzzy,Not removed stopwords,Full matrix,clustering,no_topic,negative,5-10,Depression Model,Level post lowercase,binary,390,0.5974025974025974,{'C': 0.05}
37,1500,2000,0.95,Difference,Not Fuzzy,Not removed stopwords,Full matrix,clustering,no_topic,negative,5-10,Depression Model,Level post lowercase,binary,797,0.5974025974025974,{'C': 0.05}
37,1500,2000,0.95,Difference,Not Fuzzy,Not removed stopwords,Full matrix,clustering,no_topic,negative,5-10,Depression Model,Level post lowercase,binary,179,0.5913043478260871,{'C': 0.05}
37,1500,2000,0.95,Difference,Not Fuzzy,Not removed stopwords,Full matrix,clustering,no_topic,negative,5-10,Depression Model,Level post lowercase,binary,514,0.5964912280701755,{'C': 0.12}
38,1500,1500,0.95,Difference,Not Fuzzy,Not removed stopwords,Full matrix,clustering,no_topic,positive,5,Depression Model,Level post lowercase,binary,869,0.265625,{'C': 0.05}
38,1500,1500,0.95,Difference,Not Fuzzy,Not removed stopwords,Full matrix,clustering,no_topic,positive,5,Depression Model,Level post lowercase,binary,90,0.2677165354330709,{'C': 0.05}
38,1500,1500,0.95,Difference,Not Fuzzy,Not removed stopwords,Full matrix,clustering,no_topic,positive,5,Depression Model,Level post lowercase,binary,241,0.265625,{'C': 0.05}
38,1500,1500,0.95,Difference,Not Fuzzy,Not removed stopwords,Full matrix,clustering,no_topic,positive,5,Depression Model,Level post lowercase,binary,39,0.2677165354330709,{'C': 0.05}
38,1500,1500,0.95,Difference,Not Fuzzy,Not removed stopwords,Full matrix,clustering,no_topic,positive,5,Depression Model,Level post lowercase,binary,502,0.265625,{'C': 0.05}
40,1500,2000,0.9,Difference,Not Fuzzy,Not removed stopwords,Full matrix,None,add topic,positive,20,Depression Model,Level post lowercase,binary,451,0.6097560975609756,{'C': 0.05}
40,1500,2000,0.9,Difference,Not Fuzzy,Not removed stopwords,Full matrix,None,add topic,positive,20,Depression Model,Level post lowercase,binary,192,0.6097560975609756,{'C': 0.05}
40,1500,2000,0.9,Difference,Not Fuzzy,Not removed stopwords,Full matrix,None,add topic,positive,20,Depression Model,Level post lowercase,binary,6,0.6097560975609756,{'C': 0.05}
40,1500,2000,0.9,Difference,Not Fuzzy,Not removed stopwords,Full matrix,None,add topic,positive,20,Depression Model,Level post lowercase,binary,324,0.6097560975609756,{'C': 0.05}
40,1500,2000,0.9,Difference,Not Fuzzy,Not removed stopwords,Full matrix,None,add topic,positive,20,Depression Model,Level post lowercase,binary,361,0.6097560975609756,{'C': 0.05}
41,1500,1500,0.9,Difference,Fuzzy,Not removed stopwords,Full matrix,None,add topic,positive,10,Depression Model,Level user lowercase,binary,517,0.5748031496062993,{'C': 0.5}
41,1500,1500,0.9,Difference,Fuzzy,Not removed stopwords,Full matrix,None,add topic,positive,10,Depression Model,Level user lowercase,binary,679,0.5748031496062993,{'C': 0.5}
41,1500,1500,0.9,Difference,Fuzzy,Not removed stopwords,Full matrix,None,add topic,positive,10,Depression Model,Level user lowercase,binary,25,0.5748031496062993,{'C': 0.5}
41,1500,1500,0.9,Difference,Fuzzy,Not removed stopwords,Full matrix,None,add topic,positive,10,Depression Model,Level user lowercase,binary,65,0.5748031496062993,{'C': 0.5}
41,1500,1500,0.9,Difference,Fuzzy,Not removed stopwords,Full matrix,None,add topic,positive,10,Depression Model,Level user lowercase,binary,365,0.5748031496062993,{'C': 0.5}
42,2000,2000,0.95,Difference,Fuzzy,Not removed stopwords,Full matrix,simple,add topic,negative,5,Depression Model,Level post lowercase,binary,972,0.5957446808510638,{'C': 0.25}
42,2000,2000,0.95,Difference,Fuzzy,Not removed stopwords,Full matrix,simple,add topic,negative,5,Depression Model,Level post lowercase,binary,312,0.5957446808510638,{'C': 0.25}
42,2000,2000,0.95,Difference,Fuzzy,Not removed stopwords,Full matrix,simple,add topic,negative,5,Depression Model,Level post lowercase,binary,139,0.5957446808510638,{'C': 0.25}
42,2000,2000,0.95,Difference,Fuzzy,Not removed stopwords,Full matrix,simple,add topic,negative,5,Depression Model,Level post lowercase,binary,595,0.5957446808510638,{'C': 0.25}
42,2000,2000,0.95,Difference,Fuzzy,Not removed stopwords,Full matrix,simple,add topic,negative,5,Depression Model,Level post lowercase,binary,931,0.5957446808510638,{'C': 0.25}
43,1500,1500,0.95,Difference,Not Fuzzy,Not removed stopwords,Full matrix,None,add topic,positive,10-20,Depression Model,Level post lowercase,binary,888,0.5847457627118644,{'C': 0.05}
43,1500,1500,0.95,Difference,Not Fuzzy,Not removed stopwords,Full matrix,None,add topic,positive,10-20,Depression Model,Level post lowercase,binary,234,0.5847457627118644,{'C': 0.05}
43,1500,1500,0.95,Difference,Not Fuzzy,Not removed stopwords,Full matrix,None,add topic,positive,10-20,Depression Model,Level post lowercase,binary,250,0.5847457627118644,{'C': 0.05}
43,1500,1500,0.95,Difference,Not Fuzzy,Not removed stopwords,Full matrix,None,add topic,positive,10-20,Depression Model,Level post lowercase,binary,298,0.5847457627118644,{'C': 0.05}
43,1500,1500,0.95,Difference,Not Fuzzy,Not removed stopwords,Full matrix,None,add topic,positive,10-20,Depression Model,Level post lowercase,binary,918,0.5847457627118644,{'C': 0.05}
44,1700,1500,0.95,Difference,Not Fuzzy,Not removed stopwords,Full matrix,None,add topic,positive,10,Depression Model,Level post lowercase,binary,860,0.5932203389830508,{'C': 0.05}
44,1700,1500,0.95,Difference,Not Fuzzy,Not removed stopwords,Full matrix,None,add topic,positive,10,Depression Model,Level post lowercase,binary,382,0.5932203389830508,{'C': 0.05}
44,1700,1500,0.95,Difference,Not Fuzzy,Not removed stopwords,Full matrix,None,add topic,positive,10,Depression Model,Level post lowercase,binary,790,0.5932203389830508,{'C': 0.05}
44,1700,1500,0.95,Difference,Not Fuzzy,Not removed stopwords,Full matrix,None,add topic,positive,10,Depression Model,Level post lowercase,binary,172,0.5932203389830508,{'C': 0.05}
44,1700,1500,0.95,Difference,Not Fuzzy,Not removed stopwords,Full matrix,None,add topic,positive,10,Depression Model,Level post lowercase,binary,581,0.5932203389830508,{'C': 0.05}
45,1500,1500,0.95,Difference,Fuzzy,Not removed stopwords,Full matrix,None,add topic,negative,5,Depression Model,Level post lowercase,binary,439,0.5957446808510638,{'C': 0.05}
45,1500,1500,0.95,Difference,Fuzzy,Not removed stopwords,Full matrix,None,add topic,negative,5,Depression Model,Level post lowercase,binary,992,0.5957446808510638,{'C': 0.05}
45,1500,1500,0.95,Difference,Fuzzy,Not removed stopwords,Full matrix,None,add topic,negative,5,Depression Model,Level post lowercase,binary,101,0.5957446808510638,{'C': 0.05}
45,1500,1500,0.95,Difference,Fuzzy,Not removed stopwords,Full matrix,None,add topic,negative,5,Depression Model,Level post lowercase,binary,675,0.5957446808510638,{'C': 0.05}
45,1500,1500,0.95,Difference,Fuzzy,Not removed stopwords,Full matrix,None,add topic,negative,5,Depression Model,Level post lowercase,binary,953,0.5957446808510638,{'C': 0.05}
46,1500,2000,0.9,Difference,Not Fuzzy,Not removed stopwords,Full matrix,None,add topic,positive,5,Depression Model,Level post lowercase,binary,837,0.6016260162601625,{'C': 0.05}
46,1500,2000,0.9,Difference,Not Fuzzy,Not removed stopwords,Full matrix,None,add topic,positive,5,Depression Model,Level post lowercase,binary,733,0.6016260162601625,{'C': 0.05}
46,1500,2000,0.9,Difference,Not Fuzzy,Not removed stopwords,Full matrix,None,add topic,positive,5,Depression Model,Level post lowercase,binary,35,0.6016260162601625,{'C': 0.05}
46,1500,2000,0.9,Difference,Not Fuzzy,Not removed stopwords,Full matrix,None,add topic,positive,5,Depression Model,Level post lowercase,binary,586,0.6016260162601625,{'C': 0.05}
46,1500,2000,0.9,Difference,Not Fuzzy,Not removed stopwords,Full matrix,None,add topic,positive,5,Depression Model,Level post lowercase,binary,303,0.6016260162601625,{'C': 0.05}
47,1500,2000,0.9,Difference,Not Fuzzy,Not removed stopwords,Full matrix,None,add topic,positive,5,Depression Model,Level user lowercase,binary,990,0.5943775100401606,{'C': 0.12}
47,1500,2000,0.9,Difference,Not Fuzzy,Not removed stopwords,Full matrix,None,add topic,positive,5,Depression Model,Level user lowercase,binary,652,0.5943775100401606,{'C': 0.12}
47,1500,2000,0.9,Difference,Not Fuzzy,Not removed stopwords,Full matrix,None,add topic,positive,5,Depression Model,Level user lowercase,binary,613,0.5943775100401606,{'C': 0.12}
47,1500,2000,0.9,Difference,Not Fuzzy,Not removed stopwords,Full matrix,None,add topic,positive,5,Depression Model,Level user lowercase,binary,222,0.5943775100401606,{'C': 0.12}
47,1500,2000,0.9,Difference,Not Fuzzy,Not removed stopwords,Full matrix,None,add topic,positive,5,Depression Model,Level user lowercase,binary,13,0.5943775100401606,{'C': 0.12}
48,1500,2000,0.95,Difference,Not Fuzzy,Not removed stopwords,Full matrix,simple,add topic,negative,5,Depression Model,Level user lowercase,binary,614,0.5892857142857143,{'C': 0.05}
48,1500,2000,0.95,Difference,Not Fuzzy,Not removed stopwords,Full matrix,simple,add topic,negative,5,Depression Model,Level user lowercase,binary,651,0.5892857142857143,{'C': 0.05}
48,1500,2000,0.95,Difference,Not Fuzzy,Not removed stopwords,Full matrix,simple,add topic,negative,5,Depression Model,Level user lowercase,binary,299,0.5892857142857143,{'C': 0.05}
48,1500,2000,0.95,Difference,Not Fuzzy,Not removed stopwords,Full matrix,simple,add topic,negative,5,Depression Model,Level user lowercase,binary,69,0.5892857142857143,{'C': 0.05}
48,1500,2000,0.95,Difference,Not Fuzzy,Not removed stopwords,Full matrix,simple,add topic,negative,5,Depression Model,Level user lowercase,binary,121,0.5892857142857143,{'C': 0.05}
49,1500,1500,0.95,Difference,Not Fuzzy,Not removed stopwords,Full matrix,None,add topic,negative,5,Depression Model,Level post lowercase,binary,600,0.5932203389830508,{'C': 0.05}
49,1500,1500,0.95,Difference,Not Fuzzy,Not removed stopwords,Full matrix,None,add topic,negative,5,Depression Model,Level post lowercase,binary,222,0.5932203389830508,{'C': 0.05}
49,1500,1500,0.95,Difference,Not Fuzzy,Not removed stopwords,Full matrix,None,add topic,negative,5,Depression Model,Level post lowercase,binary,722,0.5932203389830508,{'C': 0.05}
49,1500,1500,0.95,Difference,Not Fuzzy,Not removed stopwords,Full matrix,None,add topic,negative,5,Depression Model,Level post lowercase,binary,631,0.5932203389830508,{'C': 0.05}
49,1500,1500,0.95,Difference,Not Fuzzy,Not removed stopwords,Full matrix,None,add topic,negative,5,Depression Model,Level post lowercase,binary,517,0.5932203389830508,{'C': 0.05}