0,2000,2000,0.99,Difference,Fuzzy,Not removed stopwords,Compression,None,no_topic,None,[],Anorexia Model,Level concatenation lowercase,tf,272,0.6407766990291263,{'C': 0.05}
0,2000,2000,0.99,Difference,Fuzzy,Not removed stopwords,Compression,None,no_topic,None,[],Anorexia Model,Level concatenation lowercase,tf,174,0.6407766990291263,{'C': 0.05}
0,2000,2000,0.99,Difference,Fuzzy,Not removed stopwords,Compression,None,no_topic,None,[],Anorexia Model,Level concatenation lowercase,tf,282,0.6407766990291263,{'C': 0.05}
0,2000,2000,0.99,Difference,Fuzzy,Not removed stopwords,Compression,None,no_topic,None,[],Anorexia Model,Level concatenation lowercase,tf,180,0.6407766990291263,{'C': 0.05}
0,2000,2000,0.99,Difference,Fuzzy,Not removed stopwords,Compression,None,no_topic,None,[],Anorexia Model,Level concatenation lowercase,tf,852,0.6407766990291263,{'C': 0.05}
1,2000,2000,0.99,Difference,Not Fuzzy,Not removed stopwords,Compression,None,no_topic,None,[],Anorexia Model,Level concatenation lowercase,tf,831,0.6407766990291263,{'C': 0.05}
1,2000,2000,0.99,Difference,Not Fuzzy,Not removed stopwords,Compression,None,no_topic,None,[],Anorexia Model,Level concatenation lowercase,tf,664,0.6407766990291263,{'C': 0.05}
1,2000,2000,0.99,Difference,Not Fuzzy,Not removed stopwords,Compression,None,no_topic,None,[],Anorexia Model,Level concatenation lowercase,tf,682,0.6407766990291263,{'C': 0.05}
1,2000,2000,0.99,Difference,Not Fuzzy,Not removed stopwords,Compression,None,no_topic,None,[],Anorexia Model,Level concatenation lowercase,tf,214,0.6407766990291263,{'C': 0.05}
1,2000,2000,0.99,Difference,Not Fuzzy,Not removed stopwords,Compression,None,no_topic,None,[],Anorexia Model,Level concatenation lowercase,tf,150,0.6407766990291263,{'C': 0.05}
2,1500,1200,0.99,Difference,Fuzzy,Not removed stopwords,Compression,None,no_topic,None,[],Anorexia Model,Level concatenation lowercase,tf,537,0.5849056603773585,{'C': 0.05}
2,1500,1200,0.99,Difference,Fuzzy,Not removed stopwords,Compression,None,no_topic,None,[],Anorexia Model,Level concatenation lowercase,tf,374,0.5849056603773585,{'C': 0.05}
2,1500,1200,0.99,Difference,Fuzzy,Not removed stopwords,Compression,None,no_topic,None,[],Anorexia Model,Level concatenation lowercase,tf,290,0.5849056603773585,{'C': 0.05}
2,1500,1200,0.99,Difference,Fuzzy,Not removed stopwords,Compression,None,no_topic,None,[],Anorexia Model,Level concatenation lowercase,tf,922,0.5849056603773585,{'C': 0.05}
2,1500,1200,0.99,Difference,Fuzzy,Not removed stopwords,Compression,None,no_topic,None,[],Anorexia Model,Level concatenation lowercase,tf,649,0.5849056603773585,{'C': 0.05}
3,1500,1200,0.99,Difference,Not Fuzzy,Not removed stopwords,Compression,None,no_topic,None,[],Anorexia Model,Level concatenation lowercase,tf,323,0.5849056603773585,{'C': 0.05}
3,1500,1200,0.99,Difference,Not Fuzzy,Not removed stopwords,Compression,None,no_topic,None,[],Anorexia Model,Level concatenation lowercase,tf,881,0.5849056603773585,{'C': 0.05}
3,1500,1200,0.99,Difference,Not Fuzzy,Not removed stopwords,Compression,None,no_topic,None,[],Anorexia Model,Level concatenation lowercase,tf,739,0.5849056603773585,{'C': 0.05}
3,1500,1200,0.99,Difference,Not Fuzzy,Not removed stopwords,Compression,None,no_topic,None,[],Anorexia Model,Level concatenation lowercase,tf,755,0.5849056603773585,{'C': 0.05}
3,1500,1200,0.99,Difference,Not Fuzzy,Not removed stopwords,Compression,None,no_topic,None,[],Anorexia Model,Level concatenation lowercase,tf,265,0.5849056603773585,{'C': 0.05}
4,1500,1200,0.99,Difference,Fuzzy,Removed stopwords,Compression,None,no_topic,None,[],Anorexia Model,Level concatenation lowercase,tf,578,0.5981308411214953,{'C': 0.05}
4,1500,1200,0.99,Difference,Fuzzy,Removed stopwords,Compression,None,no_topic,None,[],Anorexia Model,Level concatenation lowercase,tf,48,0.5981308411214953,{'C': 0.05}
4,1500,1200,0.99,Difference,Fuzzy,Removed stopwords,Compression,None,no_topic,None,[],Anorexia Model,Level concatenation lowercase,tf,960,0.5981308411214953,{'C': 0.05}
4,1500,1200,0.99,Difference,Fuzzy,Removed stopwords,Compression,None,no_topic,None,[],Anorexia Model,Level concatenation lowercase,tf,547,0.5981308411214953,{'C': 0.05}
4,1500,1200,0.99,Difference,Fuzzy,Removed stopwords,Compression,None,no_topic,None,[],Anorexia Model,Level concatenation lowercase,tf,441,0.5981308411214953,{'C': 0.05}
5,1500,1200,0.99,Difference,Not Fuzzy,Removed stopwords,Compression,None,no_topic,None,[],Anorexia Model,Level concatenation lowercase,tf,379,0.5981308411214953,{'C': 0.05}
5,1500,1200,0.99,Difference,Not Fuzzy,Removed stopwords,Compression,None,no_topic,None,[],Anorexia Model,Level concatenation lowercase,tf,987,0.5981308411214953,{'C': 0.05}
5,1500,1200,0.99,Difference,Not Fuzzy,Removed stopwords,Compression,None,no_topic,None,[],Anorexia Model,Level concatenation lowercase,tf,414,0.5981308411214953,{'C': 0.05}
5,1500,1200,0.99,Difference,Not Fuzzy,Removed stopwords,Compression,None,no_topic,None,[],Anorexia Model,Level concatenation lowercase,tf,916,0.5981308411214953,{'C': 0.05}
5,1500,1200,0.99,Difference,Not Fuzzy,Removed stopwords,Compression,None,no_topic,None,[],Anorexia Model,Level concatenation lowercase,tf,97,0.5981308411214953,{'C': 0.05}
6,2000,2000,0.99,Difference,Fuzzy,Removed stopwords,Compression,None,no_topic,None,[],Anorexia Model,Level concatenation lowercase,tf,739,0.6407766990291263,{'C': 0.05}
6,2000,2000,0.99,Difference,Fuzzy,Removed stopwords,Compression,None,no_topic,None,[],Anorexia Model,Level concatenation lowercase,tf,848,0.6407766990291263,{'C': 0.05}
6,2000,2000,0.99,Difference,Fuzzy,Removed stopwords,Compression,None,no_topic,None,[],Anorexia Model,Level concatenation lowercase,tf,118,0.6407766990291263,{'C': 0.05}
6,2000,2000,0.99,Difference,Fuzzy,Removed stopwords,Compression,None,no_topic,None,[],Anorexia Model,Level concatenation lowercase,tf,88,0.6407766990291263,{'C': 0.05}
6,2000,2000,0.99,Difference,Fuzzy,Removed stopwords,Compression,None,no_topic,None,[],Anorexia Model,Level concatenation lowercase,tf,334,0.6407766990291263,{'C': 0.05}
7,2000,2000,0.99,Difference,Fuzzy,Removed stopwords,Compression,None,no_topic,None,[],Anorexia Model,Level concatenation lowercase,tf,979,0.6407766990291263,{'C': 0.05}
7,2000,2000,0.99,Difference,Fuzzy,Removed stopwords,Compression,None,no_topic,None,[],Anorexia Model,Level concatenation lowercase,tf,803,0.6407766990291263,{'C': 0.05}
7,2000,2000,0.99,Difference,Fuzzy,Removed stopwords,Compression,None,no_topic,None,[],Anorexia Model,Level concatenation lowercase,tf,988,0.6407766990291263,{'C': 0.05}
7,2000,2000,0.99,Difference,Fuzzy,Removed stopwords,Compression,None,no_topic,None,[],Anorexia Model,Level concatenation lowercase,tf,712,0.6407766990291263,{'C': 0.05}
7,2000,2000,0.99,Difference,Fuzzy,Removed stopwords,Compression,None,no_topic,None,[],Anorexia Model,Level concatenation lowercase,tf,772,0.6407766990291263,{'C': 0.05}
8,1000,1500,0.99,No difference,Fuzzy,Removed stopwords,Compression,None,no_topic,None,[],Pre_trained Model,Level concatenation lowercase,tf,910,0.6213592233009708,{'C': 0.25}
8,1000,1500,0.99,No difference,Fuzzy,Removed stopwords,Compression,None,no_topic,None,[],Pre_trained Model,Level concatenation lowercase,tf,270,0.6213592233009708,{'C': 0.25}
8,1000,1500,0.99,No difference,Fuzzy,Removed stopwords,Compression,None,no_topic,None,[],Pre_trained Model,Level concatenation lowercase,tf,33,0.6213592233009708,{'C': 0.25}
8,1000,1500,0.99,No difference,Fuzzy,Removed stopwords,Compression,None,no_topic,None,[],Pre_trained Model,Level concatenation lowercase,tf,648,0.6213592233009708,{'C': 0.25}
8,1000,1500,0.99,No difference,Fuzzy,Removed stopwords,Compression,None,no_topic,None,[],Pre_trained Model,Level concatenation lowercase,tf,619,0.6213592233009708,{'C': 0.25}
9,1000,1200,0.99,No difference,Fuzzy,Removed stopwords,Compression,None,no_topic,None,[],Pre_trained Model,Level concatenation lowercase,tf,845,0.6534653465346535,{'C': 0.05}
9,1000,1200,0.99,No difference,Fuzzy,Removed stopwords,Compression,None,no_topic,None,[],Pre_trained Model,Level concatenation lowercase,tf,479,0.6534653465346535,{'C': 0.05}
9,1000,1200,0.99,No difference,Fuzzy,Removed stopwords,Compression,None,no_topic,None,[],Pre_trained Model,Level concatenation lowercase,tf,926,0.6534653465346535,{'C': 0.05}
9,1000,1200,0.99,No difference,Fuzzy,Removed stopwords,Compression,None,no_topic,None,[],Pre_trained Model,Level concatenation lowercase,tf,764,0.6534653465346535,{'C': 0.05}
9,1000,1200,0.99,No difference,Fuzzy,Removed stopwords,Compression,None,no_topic,None,[],Pre_trained Model,Level concatenation lowercase,tf,568,0.6534653465346535,{'C': 0.05}
10,1000,1500,0.99,No difference,Not Fuzzy,Removed stopwords,Compression,None,no_topic,None,[],Pre_trained Model,Level concatenation lowercase,tf,582,0.6213592233009708,{'C': 0.25}
10,1000,1500,0.99,No difference,Not Fuzzy,Removed stopwords,Compression,None,no_topic,None,[],Pre_trained Model,Level concatenation lowercase,tf,303,0.6213592233009708,{'C': 0.25}
10,1000,1500,0.99,No difference,Not Fuzzy,Removed stopwords,Compression,None,no_topic,None,[],Pre_trained Model,Level concatenation lowercase,tf,247,0.6213592233009708,{'C': 0.25}
10,1000,1500,0.99,No difference,Not Fuzzy,Removed stopwords,Compression,None,no_topic,None,[],Pre_trained Model,Level concatenation lowercase,tf,595,0.6213592233009708,{'C': 0.25}
10,1000,1500,0.99,No difference,Not Fuzzy,Removed stopwords,Compression,None,no_topic,None,[],Pre_trained Model,Level concatenation lowercase,tf,111,0.6213592233009708,{'C': 0.25}
11,1000,1200,0.99,No difference,Not Fuzzy,Removed stopwords,Compression,None,no_topic,None,[],Pre_trained Model,Level concatenation lowercase,tf,312,0.6534653465346535,{'C': 0.05}
11,1000,1200,0.99,No difference,Not Fuzzy,Removed stopwords,Compression,None,no_topic,None,[],Pre_trained Model,Level concatenation lowercase,tf,286,0.6534653465346535,{'C': 0.05}
11,1000,1200,0.99,No difference,Not Fuzzy,Removed stopwords,Compression,None,no_topic,None,[],Pre_trained Model,Level concatenation lowercase,tf,950,0.6534653465346535,{'C': 0.05}
11,1000,1200,0.99,No difference,Not Fuzzy,Removed stopwords,Compression,None,no_topic,None,[],Pre_trained Model,Level concatenation lowercase,tf,698,0.6534653465346535,{'C': 0.05}
11,1000,1200,0.99,No difference,Not Fuzzy,Removed stopwords,Compression,None,no_topic,None,[],Pre_trained Model,Level concatenation lowercase,tf,343,0.6534653465346535,{'C': 0.05}
12,1000,1500,0.95,No difference,Fuzzy,Removed stopwords,Compression,None,no_topic,None,[],Pre_trained Model,Level concatenation lowercase,tf,858,0.627450980392157,{'C': 0.5}
12,1000,1500,0.95,No difference,Fuzzy,Removed stopwords,Compression,None,no_topic,None,[],Pre_trained Model,Level concatenation lowercase,tf,56,0.627450980392157,{'C': 0.5}
12,1000,1500,0.95,No difference,Fuzzy,Removed stopwords,Compression,None,no_topic,None,[],Pre_trained Model,Level concatenation lowercase,tf,939,0.627450980392157,{'C': 0.5}
12,1000,1500,0.95,No difference,Fuzzy,Removed stopwords,Compression,None,no_topic,None,[],Pre_trained Model,Level concatenation lowercase,tf,916,0.627450980392157,{'C': 0.5}
12,1000,1500,0.95,No difference,Fuzzy,Removed stopwords,Compression,None,no_topic,None,[],Pre_trained Model,Level concatenation lowercase,tf,715,0.627450980392157,{'C': 0.5}
13,1000,1200,0.95,No difference,Fuzzy,Removed stopwords,Compression,None,no_topic,None,[],Pre_trained Model,Level concatenation lowercase,tf,824,0.6734693877551021,{'C': 0.05}
13,1000,1200,0.95,No difference,Fuzzy,Removed stopwords,Compression,None,no_topic,None,[],Pre_trained Model,Level concatenation lowercase,tf,200,0.6734693877551021,{'C': 0.05}
13,1000,1200,0.95,No difference,Fuzzy,Removed stopwords,Compression,None,no_topic,None,[],Pre_trained Model,Level concatenation lowercase,tf,803,0.6734693877551021,{'C': 0.05}
13,1000,1200,0.95,No difference,Fuzzy,Removed stopwords,Compression,None,no_topic,None,[],Pre_trained Model,Level concatenation lowercase,tf,844,0.6734693877551021,{'C': 0.05}
13,1000,1200,0.95,No difference,Fuzzy,Removed stopwords,Compression,None,no_topic,None,[],Pre_trained Model,Level concatenation lowercase,tf,378,0.6734693877551021,{'C': 0.05}
14,1000,1500,0.95,No difference,Not Fuzzy,Removed stopwords,Compression,None,no_topic,None,[],Pre_trained Model,Level concatenation lowercase,tf,228,0.627450980392157,{'C': 0.5}
14,1000,1500,0.95,No difference,Not Fuzzy,Removed stopwords,Compression,None,no_topic,None,[],Pre_trained Model,Level concatenation lowercase,tf,159,0.627450980392157,{'C': 0.5}
14,1000,1500,0.95,No difference,Not Fuzzy,Removed stopwords,Compression,None,no_topic,None,[],Pre_trained Model,Level concatenation lowercase,tf,973,0.627450980392157,{'C': 0.5}
14,1000,1500,0.95,No difference,Not Fuzzy,Removed stopwords,Compression,None,no_topic,None,[],Pre_trained Model,Level concatenation lowercase,tf,313,0.627450980392157,{'C': 0.5}
14,1000,1500,0.95,No difference,Not Fuzzy,Removed stopwords,Compression,None,no_topic,None,[],Pre_trained Model,Level concatenation lowercase,tf,564,0.627450980392157,{'C': 0.5}
15,1000,1200,0.95,No difference,Not Fuzzy,Removed stopwords,Compression,None,no_topic,None,[],Pre_trained Model,Level concatenation lowercase,tf,65,0.6734693877551021,{'C': 0.05}
15,1000,1200,0.95,No difference,Not Fuzzy,Removed stopwords,Compression,None,no_topic,None,[],Pre_trained Model,Level concatenation lowercase,tf,338,0.6734693877551021,{'C': 0.05}
15,1000,1200,0.95,No difference,Not Fuzzy,Removed stopwords,Compression,None,no_topic,None,[],Pre_trained Model,Level concatenation lowercase,tf,229,0.6734693877551021,{'C': 0.05}
15,1000,1200,0.95,No difference,Not Fuzzy,Removed stopwords,Compression,None,no_topic,None,[],Pre_trained Model,Level concatenation lowercase,tf,280,0.6734693877551021,{'C': 0.05}
15,1000,1200,0.95,No difference,Not Fuzzy,Removed stopwords,Compression,None,no_topic,None,[],Pre_trained Model,Level concatenation lowercase,tf,111,0.6734693877551021,{'C': 0.05}
16,1000,1500,0.99,No difference,Fuzzy,Not removed stopwords,Compression,None,no_topic,None,[],Pre_trained Model,Level concatenation lowercase,tf,330,0.6346153846153846,{'C': 0.12}
16,1000,1500,0.99,No difference,Fuzzy,Not removed stopwords,Compression,None,no_topic,None,[],Pre_trained Model,Level concatenation lowercase,tf,683,0.6346153846153846,{'C': 0.12}
16,1000,1500,0.99,No difference,Fuzzy,Not removed stopwords,Compression,None,no_topic,None,[],Pre_trained Model,Level concatenation lowercase,tf,743,0.6346153846153846,{'C': 0.12}
16,1000,1500,0.99,No difference,Fuzzy,Not removed stopwords,Compression,None,no_topic,None,[],Pre_trained Model,Level concatenation lowercase,tf,144,0.6346153846153846,{'C': 0.12}
16,1000,1500,0.99,No difference,Fuzzy,Not removed stopwords,Compression,None,no_topic,None,[],Pre_trained Model,Level concatenation lowercase,tf,691,0.6346153846153846,{'C': 0.12}
17,1000,1200,0.99,No difference,Fuzzy,Not removed stopwords,Compression,None,no_topic,None,[],Pre_trained Model,Level concatenation lowercase,tf,955,0.6734693877551021,{'C': 0.05}
17,1000,1200,0.99,No difference,Fuzzy,Not removed stopwords,Compression,None,no_topic,None,[],Pre_trained Model,Level concatenation lowercase,tf,593,0.6734693877551021,{'C': 0.05}
17,1000,1200,0.99,No difference,Fuzzy,Not removed stopwords,Compression,None,no_topic,None,[],Pre_trained Model,Level concatenation lowercase,tf,170,0.6734693877551021,{'C': 0.05}
17,1000,1200,0.99,No difference,Fuzzy,Not removed stopwords,Compression,None,no_topic,None,[],Pre_trained Model,Level concatenation lowercase,tf,23,0.6734693877551021,{'C': 0.05}
17,1000,1200,0.99,No difference,Fuzzy,Not removed stopwords,Compression,None,no_topic,None,[],Pre_trained Model,Level concatenation lowercase,tf,265,0.6734693877551021,{'C': 0.05}
18,1000,1500,0.99,No difference,Not Fuzzy,Not removed stopwords,Compression,None,no_topic,None,[],Pre_trained Model,Level concatenation lowercase,tf,285,0.6346153846153846,{'C': 0.12}
18,1000,1500,0.99,No difference,Not Fuzzy,Not removed stopwords,Compression,None,no_topic,None,[],Pre_trained Model,Level concatenation lowercase,tf,761,0.6346153846153846,{'C': 0.12}
18,1000,1500,0.99,No difference,Not Fuzzy,Not removed stopwords,Compression,None,no_topic,None,[],Pre_trained Model,Level concatenation lowercase,tf,500,0.6346153846153846,{'C': 0.12}
18,1000,1500,0.99,No difference,Not Fuzzy,Not removed stopwords,Compression,None,no_topic,None,[],Pre_trained Model,Level concatenation lowercase,tf,77,0.6346153846153846,{'C': 0.12}
18,1000,1500,0.99,No difference,Not Fuzzy,Not removed stopwords,Compression,None,no_topic,None,[],Pre_trained Model,Level concatenation lowercase,tf,179,0.6346153846153846,{'C': 0.12}
19,1000,1200,0.99,No difference,Not Fuzzy,Not removed stopwords,Compression,None,no_topic,None,[],Pre_trained Model,Level concatenation lowercase,tf,47,0.6734693877551021,{'C': 0.05}
19,1000,1200,0.99,No difference,Not Fuzzy,Not removed stopwords,Compression,None,no_topic,None,[],Pre_trained Model,Level concatenation lowercase,tf,602,0.6734693877551021,{'C': 0.05}
19,1000,1200,0.99,No difference,Not Fuzzy,Not removed stopwords,Compression,None,no_topic,None,[],Pre_trained Model,Level concatenation lowercase,tf,56,0.6734693877551021,{'C': 0.05}
19,1000,1200,0.99,No difference,Not Fuzzy,Not removed stopwords,Compression,None,no_topic,None,[],Pre_trained Model,Level concatenation lowercase,tf,10,0.6734693877551021,{'C': 0.05}
19,1000,1200,0.99,No difference,Not Fuzzy,Not removed stopwords,Compression,None,no_topic,None,[],Pre_trained Model,Level concatenation lowercase,tf,774,0.6734693877551021,{'C': 0.05}
20,100,100,0.99,Difference,Fuzzy,Removed stopwords,Full matrix,None,no_topic,None,[],Pre_trained Model,Level post uppercase,binary,260,0.8250000000000001,{'C': 0.05}
20,100,100,0.99,Difference,Fuzzy,Removed stopwords,Full matrix,None,no_topic,None,[],Pre_trained Model,Level post uppercase,binary,688,0.8250000000000001,{'C': 0.05}
20,100,100,0.99,Difference,Fuzzy,Removed stopwords,Full matrix,None,no_topic,None,[],Pre_trained Model,Level post uppercase,binary,212,0.8250000000000001,{'C': 0.05}
20,100,100,0.99,Difference,Fuzzy,Removed stopwords,Full matrix,None,no_topic,None,[],Pre_trained Model,Level post uppercase,binary,950,0.8250000000000001,{'C': 0.05}
20,100,100,0.99,Difference,Fuzzy,Removed stopwords,Full matrix,None,no_topic,None,[],Pre_trained Model,Level post uppercase,binary,225,0.8250000000000001,{'C': 0.05}
21,100,100,0.99,Difference,Not Fuzzy,Removed stopwords,Full matrix,None,no_topic,None,[],Pre_trained Model,Level post uppercase,binary,977,0.8250000000000001,{'C': 0.05}
21,100,100,0.99,Difference,Not Fuzzy,Removed stopwords,Full matrix,None,no_topic,None,[],Pre_trained Model,Level post uppercase,binary,646,0.8250000000000001,{'C': 0.05}
21,100,100,0.99,Difference,Not Fuzzy,Removed stopwords,Full matrix,None,no_topic,None,[],Pre_trained Model,Level post uppercase,binary,324,0.8250000000000001,{'C': 0.05}
21,100,100,0.99,Difference,Not Fuzzy,Removed stopwords,Full matrix,None,no_topic,None,[],Pre_trained Model,Level post uppercase,binary,876,0.8250000000000001,{'C': 0.05}
21,100,100,0.99,Difference,Not Fuzzy,Removed stopwords,Full matrix,None,no_topic,None,[],Pre_trained Model,Level post uppercase,binary,317,0.8250000000000001,{'C': 0.05}
22,100,100,0.95,Difference,Fuzzy,Removed stopwords,Full matrix,None,no_topic,None,[],Pre_trained Model,Level post uppercase,binary,340,0.8250000000000001,{'C': 0.05}
22,100,100,0.95,Difference,Fuzzy,Removed stopwords,Full matrix,None,no_topic,None,[],Pre_trained Model,Level post uppercase,binary,397,0.8250000000000001,{'C': 0.05}
22,100,100,0.95,Difference,Fuzzy,Removed stopwords,Full matrix,None,no_topic,None,[],Pre_trained Model,Level post uppercase,binary,29,0.8250000000000001,{'C': 0.05}
22,100,100,0.95,Difference,Fuzzy,Removed stopwords,Full matrix,None,no_topic,None,[],Pre_trained Model,Level post uppercase,binary,300,0.8250000000000001,{'C': 0.05}
22,100,100,0.95,Difference,Fuzzy,Removed stopwords,Full matrix,None,no_topic,None,[],Pre_trained Model,Level post uppercase,binary,588,0.8250000000000001,{'C': 0.05}
23,100,100,0.95,Difference,Not Fuzzy,Removed stopwords,Full matrix,None,no_topic,None,[],Pre_trained Model,Level post uppercase,binary,159,0.8250000000000001,{'C': 0.05}
23,100,100,0.95,Difference,Not Fuzzy,Removed stopwords,Full matrix,None,no_topic,None,[],Pre_trained Model,Level post uppercase,binary,235,0.8250000000000001,{'C': 0.05}
23,100,100,0.95,Difference,Not Fuzzy,Removed stopwords,Full matrix,None,no_topic,None,[],Pre_trained Model,Level post uppercase,binary,557,0.8250000000000001,{'C': 0.05}
23,100,100,0.95,Difference,Not Fuzzy,Removed stopwords,Full matrix,None,no_topic,None,[],Pre_trained Model,Level post uppercase,binary,930,0.8250000000000001,{'C': 0.05}
23,100,100,0.95,Difference,Not Fuzzy,Removed stopwords,Full matrix,None,no_topic,None,[],Pre_trained Model,Level post uppercase,binary,675,0.8250000000000001,{'C': 0.05}
24,100,100,0.9,Difference,Fuzzy,Removed stopwords,Full matrix,None,no_topic,None,[],Pre_trained Model,Level post uppercase,binary,778,0.8250000000000001,{'C': 0.05}
24,100,100,0.9,Difference,Fuzzy,Removed stopwords,Full matrix,None,no_topic,None,[],Pre_trained Model,Level post uppercase,binary,561,0.8250000000000001,{'C': 0.05}
24,100,100,0.9,Difference,Fuzzy,Removed stopwords,Full matrix,None,no_topic,None,[],Pre_trained Model,Level post uppercase,binary,633,0.8250000000000001,{'C': 0.05}
24,100,100,0.9,Difference,Fuzzy,Removed stopwords,Full matrix,None,no_topic,None,[],Pre_trained Model,Level post uppercase,binary,924,0.8250000000000001,{'C': 0.05}
24,100,100,0.9,Difference,Fuzzy,Removed stopwords,Full matrix,None,no_topic,None,[],Pre_trained Model,Level post uppercase,binary,415,0.8250000000000001,{'C': 0.05}
25,100,100,0.9,Difference,Not Fuzzy,Removed stopwords,Full matrix,None,no_topic,None,[],Pre_trained Model,Level post uppercase,binary,338,0.8250000000000001,{'C': 0.05}
25,100,100,0.9,Difference,Not Fuzzy,Removed stopwords,Full matrix,None,no_topic,None,[],Pre_trained Model,Level post uppercase,binary,922,0.8250000000000001,{'C': 0.05}
25,100,100,0.9,Difference,Not Fuzzy,Removed stopwords,Full matrix,None,no_topic,None,[],Pre_trained Model,Level post uppercase,binary,688,0.8250000000000001,{'C': 0.05}
25,100,100,0.9,Difference,Not Fuzzy,Removed stopwords,Full matrix,None,no_topic,None,[],Pre_trained Model,Level post uppercase,binary,803,0.8250000000000001,{'C': 0.05}
25,100,100,0.9,Difference,Not Fuzzy,Removed stopwords,Full matrix,None,no_topic,None,[],Pre_trained Model,Level post uppercase,binary,620,0.8250000000000001,{'C': 0.05}
26,100,200,0.99,No difference,Fuzzy,Not removed stopwords,Full matrix,None,no_topic,None,[],Anorexia Model,Level post lowercase,binary,752,0.7857142857142858,{'C': 0.05}
26,100,200,0.99,No difference,Fuzzy,Not removed stopwords,Full matrix,None,no_topic,None,[],Anorexia Model,Level post lowercase,binary,729,0.7857142857142858,{'C': 0.05}
26,100,200,0.99,No difference,Fuzzy,Not removed stopwords,Full matrix,None,no_topic,None,[],Anorexia Model,Level post lowercase,binary,920,0.7857142857142858,{'C': 0.05}
26,100,200,0.99,No difference,Fuzzy,Not removed stopwords,Full matrix,None,no_topic,None,[],Anorexia Model,Level post lowercase,binary,34,0.7857142857142858,{'C': 0.05}
26,100,200,0.99,No difference,Fuzzy,Not removed stopwords,Full matrix,None,no_topic,None,[],Anorexia Model,Level post lowercase,binary,46,0.7857142857142858,{'C': 0.05}
27,100,200,0.99,No difference,Not Fuzzy,Not removed stopwords,Full matrix,None,no_topic,None,[],Anorexia Model,Level post lowercase,binary,807,0.7857142857142858,{'C': 0.05}
27,100,200,0.99,No difference,Not Fuzzy,Not removed stopwords,Full matrix,None,no_topic,None,[],Anorexia Model,Level post lowercase,binary,604,0.7857142857142858,{'C': 0.05}
27,100,200,0.99,No difference,Not Fuzzy,Not removed stopwords,Full matrix,None,no_topic,None,[],Anorexia Model,Level post lowercase,binary,115,0.7857142857142858,{'C': 0.05}
27,100,200,0.99,No difference,Not Fuzzy,Not removed stopwords,Full matrix,None,no_topic,None,[],Anorexia Model,Level post lowercase,binary,569,0.7857142857142858,{'C': 0.05}
27,100,200,0.99,No difference,Not Fuzzy,Not removed stopwords,Full matrix,None,no_topic,None,[],Anorexia Model,Level post lowercase,binary,213,0.7857142857142858,{'C': 0.05}
28,100,100,0.9,Difference,Fuzzy,Not removed stopwords,Full matrix,None,no_topic,None,[],Pre_trained Model,Level post lowercase,binary,796,0.7848101265822786,{'C': 0.05}
28,100,100,0.9,Difference,Fuzzy,Not removed stopwords,Full matrix,None,no_topic,None,[],Pre_trained Model,Level post lowercase,binary,365,0.7848101265822786,{'C': 0.05}
28,100,100,0.9,Difference,Fuzzy,Not removed stopwords,Full matrix,None,no_topic,None,[],Pre_trained Model,Level post lowercase,binary,564,0.7848101265822786,{'C': 0.05}
28,100,100,0.9,Difference,Fuzzy,Not removed stopwords,Full matrix,None,no_topic,None,[],Pre_trained Model,Level post lowercase,binary,713,0.7848101265822786,{'C': 0.05}
28,100,100,0.9,Difference,Fuzzy,Not removed stopwords,Full matrix,None,no_topic,None,[],Pre_trained Model,Level post lowercase,binary,673,0.7848101265822786,{'C': 0.05}
29,100,100,0.9,Difference,Not Fuzzy,Not removed stopwords,Full matrix,None,no_topic,None,[],Pre_trained Model,Level post lowercase,binary,891,0.7848101265822786,{'C': 0.05}
29,100,100,0.9,Difference,Not Fuzzy,Not removed stopwords,Full matrix,None,no_topic,None,[],Pre_trained Model,Level post lowercase,binary,367,0.7848101265822786,{'C': 0.05}
29,100,100,0.9,Difference,Not Fuzzy,Not removed stopwords,Full matrix,None,no_topic,None,[],Pre_trained Model,Level post lowercase,binary,364,0.7848101265822786,{'C': 0.05}
29,100,100,0.9,Difference,Not Fuzzy,Not removed stopwords,Full matrix,None,no_topic,None,[],Pre_trained Model,Level post lowercase,binary,87,0.7848101265822786,{'C': 0.05}
29,100,100,0.9,Difference,Not Fuzzy,Not removed stopwords,Full matrix,None,no_topic,None,[],Pre_trained Model,Level post lowercase,binary,716,0.7848101265822786,{'C': 0.05}
30,500,200,0.9,Difference,Fuzzy,Removed stopwords,Full matrix,None,no_topic,None,[],Pre_trained Model,Level post lowercase,binary,7,0.7837837837837839,{'C': 0.12}
30,500,200,0.9,Difference,Fuzzy,Removed stopwords,Full matrix,None,no_topic,None,[],Pre_trained Model,Level post lowercase,binary,14,0.7837837837837839,{'C': 0.12}
30,500,200,0.9,Difference,Fuzzy,Removed stopwords,Full matrix,None,no_topic,None,[],Pre_trained Model,Level post lowercase,binary,754,0.7837837837837839,{'C': 0.12}
30,500,200,0.9,Difference,Fuzzy,Removed stopwords,Full matrix,None,no_topic,None,[],Pre_trained Model,Level post lowercase,binary,470,0.7837837837837839,{'C': 0.12}
30,500,200,0.9,Difference,Fuzzy,Removed stopwords,Full matrix,None,no_topic,None,[],Pre_trained Model,Level post lowercase,binary,462,0.7837837837837839,{'C': 0.12}
31,500,200,0.9,Difference,Not Fuzzy,Removed stopwords,Full matrix,None,no_topic,None,[],Pre_trained Model,Level post lowercase,binary,168,0.7837837837837839,{'C': 0.12}
31,500,200,0.9,Difference,Not Fuzzy,Removed stopwords,Full matrix,None,no_topic,None,[],Pre_trained Model,Level post lowercase,binary,567,0.7837837837837839,{'C': 0.12}
31,500,200,0.9,Difference,Not Fuzzy,Removed stopwords,Full matrix,None,no_topic,None,[],Pre_trained Model,Level post lowercase,binary,279,0.7837837837837839,{'C': 0.12}
31,500,200,0.9,Difference,Not Fuzzy,Removed stopwords,Full matrix,None,no_topic,None,[],Pre_trained Model,Level post lowercase,binary,520,0.7837837837837839,{'C': 0.12}
31,500,200,0.9,Difference,Not Fuzzy,Removed stopwords,Full matrix,None,no_topic,None,[],Pre_trained Model,Level post lowercase,binary,558,0.7837837837837839,{'C': 0.12}
32,200,100,0.99,Difference,Fuzzy,Removed stopwords,Full matrix,None,no_topic,None,[],Pre_trained Model,Level concatenation uppercase,binary,538,0.7792207792207793,{'C': 0.05}
32,200,100,0.99,Difference,Fuzzy,Removed stopwords,Full matrix,None,no_topic,None,[],Pre_trained Model,Level concatenation uppercase,binary,932,0.7792207792207793,{'C': 0.05}
32,200,100,0.99,Difference,Fuzzy,Removed stopwords,Full matrix,None,no_topic,None,[],Pre_trained Model,Level concatenation uppercase,binary,950,0.7792207792207793,{'C': 0.05}
32,200,100,0.99,Difference,Fuzzy,Removed stopwords,Full matrix,None,no_topic,None,[],Pre_trained Model,Level concatenation uppercase,binary,110,0.7792207792207793,{'C': 0.05}
32,200,100,0.99,Difference,Fuzzy,Removed stopwords,Full matrix,None,no_topic,None,[],Pre_trained Model,Level concatenation uppercase,binary,259,0.7792207792207793,{'C': 0.05}
33,100,200,0.99,Difference,Fuzzy,Not removed stopwords,Full matrix,None,no_topic,None,[],Pre_trained Model,Level concatenation uppercase,binary,116,0.7792207792207793,{'C': 0.05}
33,100,200,0.99,Difference,Fuzzy,Not removed stopwords,Full matrix,None,no_topic,None,[],Pre_trained Model,Level concatenation uppercase,binary,382,0.7792207792207793,{'C': 0.05}
33,100,200,0.99,Difference,Fuzzy,Not removed stopwords,Full matrix,None,no_topic,None,[],Pre_trained Model,Level concatenation uppercase,binary,117,0.7792207792207793,{'C': 0.05}
33,100,200,0.99,Difference,Fuzzy,Not removed stopwords,Full matrix,None,no_topic,None,[],Pre_trained Model,Level concatenation uppercase,binary,400,0.7792207792207793,{'C': 0.05}
33,100,200,0.99,Difference,Fuzzy,Not removed stopwords,Full matrix,None,no_topic,None,[],Pre_trained Model,Level concatenation uppercase,binary,263,0.7792207792207793,{'C': 0.05}
34,200,100,0.99,Difference,Not Fuzzy,Removed stopwords,Full matrix,None,no_topic,None,[],Pre_trained Model,Level concatenation uppercase,binary,414,0.7792207792207793,{'C': 0.05}
34,200,100,0.99,Difference,Not Fuzzy,Removed stopwords,Full matrix,None,no_topic,None,[],Pre_trained Model,Level concatenation uppercase,binary,178,0.7792207792207793,{'C': 0.05}
34,200,100,0.99,Difference,Not Fuzzy,Removed stopwords,Full matrix,None,no_topic,None,[],Pre_trained Model,Level concatenation uppercase,binary,797,0.7792207792207793,{'C': 0.05}
34,200,100,0.99,Difference,Not Fuzzy,Removed stopwords,Full matrix,None,no_topic,None,[],Pre_trained Model,Level concatenation uppercase,binary,392,0.7792207792207793,{'C': 0.05}
34,200,100,0.99,Difference,Not Fuzzy,Removed stopwords,Full matrix,None,no_topic,None,[],Pre_trained Model,Level concatenation uppercase,binary,654,0.7792207792207793,{'C': 0.05}
35,100,200,0.99,Difference,Not Fuzzy,Not removed stopwords,Full matrix,None,no_topic,None,[],Pre_trained Model,Level concatenation uppercase,binary,873,0.7792207792207793,{'C': 0.05}
35,100,200,0.99,Difference,Not Fuzzy,Not removed stopwords,Full matrix,None,no_topic,None,[],Pre_trained Model,Level concatenation uppercase,binary,278,0.7792207792207793,{'C': 0.05}
35,100,200,0.99,Difference,Not Fuzzy,Not removed stopwords,Full matrix,None,no_topic,None,[],Pre_trained Model,Level concatenation uppercase,binary,772,0.7792207792207793,{'C': 0.05}
35,100,200,0.99,Difference,Not Fuzzy,Not removed stopwords,Full matrix,None,no_topic,None,[],Pre_trained Model,Level concatenation uppercase,binary,820,0.7792207792207793,{'C': 0.05}
35,100,200,0.99,Difference,Not Fuzzy,Not removed stopwords,Full matrix,None,no_topic,None,[],Pre_trained Model,Level concatenation uppercase,binary,722,0.7792207792207793,{'C': 0.05}
36,200,100,0.95,Difference,Fuzzy,Removed stopwords,Full matrix,None,no_topic,None,[],Pre_trained Model,Level concatenation uppercase,binary,137,0.7792207792207793,{'C': 0.05}
36,200,100,0.95,Difference,Fuzzy,Removed stopwords,Full matrix,None,no_topic,None,[],Pre_trained Model,Level concatenation uppercase,binary,868,0.7792207792207793,{'C': 0.05}
36,200,100,0.95,Difference,Fuzzy,Removed stopwords,Full matrix,None,no_topic,None,[],Pre_trained Model,Level concatenation uppercase,binary,528,0.7792207792207793,{'C': 0.05}
36,200,100,0.95,Difference,Fuzzy,Removed stopwords,Full matrix,None,no_topic,None,[],Pre_trained Model,Level concatenation uppercase,binary,746,0.7792207792207793,{'C': 0.05}
36,200,100,0.95,Difference,Fuzzy,Removed stopwords,Full matrix,None,no_topic,None,[],Pre_trained Model,Level concatenation uppercase,binary,294,0.7792207792207793,{'C': 0.05}
37,100,200,0.95,Difference,Fuzzy,Not removed stopwords,Full matrix,None,no_topic,None,[],Pre_trained Model,Level concatenation uppercase,binary,366,0.7792207792207793,{'C': 0.05}
37,100,200,0.95,Difference,Fuzzy,Not removed stopwords,Full matrix,None,no_topic,None,[],Pre_trained Model,Level concatenation uppercase,binary,913,0.7792207792207793,{'C': 0.05}
37,100,200,0.95,Difference,Fuzzy,Not removed stopwords,Full matrix,None,no_topic,None,[],Pre_trained Model,Level concatenation uppercase,binary,196,0.7792207792207793,{'C': 0.05}
37,100,200,0.95,Difference,Fuzzy,Not removed stopwords,Full matrix,None,no_topic,None,[],Pre_trained Model,Level concatenation uppercase,binary,75,0.7792207792207793,{'C': 0.05}
37,100,200,0.95,Difference,Fuzzy,Not removed stopwords,Full matrix,None,no_topic,None,[],Pre_trained Model,Level concatenation uppercase,binary,561,0.7792207792207793,{'C': 0.05}
38,200,100,0.95,Difference,Not Fuzzy,Removed stopwords,Full matrix,None,no_topic,None,[],Pre_trained Model,Level concatenation uppercase,binary,493,0.7792207792207793,{'C': 0.05}
38,200,100,0.95,Difference,Not Fuzzy,Removed stopwords,Full matrix,None,no_topic,None,[],Pre_trained Model,Level concatenation uppercase,binary,218,0.7792207792207793,{'C': 0.05}
38,200,100,0.95,Difference,Not Fuzzy,Removed stopwords,Full matrix,None,no_topic,None,[],Pre_trained Model,Level concatenation uppercase,binary,647,0.7792207792207793,{'C': 0.05}
38,200,100,0.95,Difference,Not Fuzzy,Removed stopwords,Full matrix,None,no_topic,None,[],Pre_trained Model,Level concatenation uppercase,binary,240,0.7792207792207793,{'C': 0.05}
38,200,100,0.95,Difference,Not Fuzzy,Removed stopwords,Full matrix,None,no_topic,None,[],Pre_trained Model,Level concatenation uppercase,binary,377,0.7792207792207793,{'C': 0.05}
39,100,200,0.95,Difference,Not Fuzzy,Not removed stopwords,Full matrix,None,no_topic,None,[],Pre_trained Model,Level concatenation uppercase,binary,809,0.7792207792207793,{'C': 0.05}
39,100,200,0.95,Difference,Not Fuzzy,Not removed stopwords,Full matrix,None,no_topic,None,[],Pre_trained Model,Level concatenation uppercase,binary,152,0.7792207792207793,{'C': 0.05}
39,100,200,0.95,Difference,Not Fuzzy,Not removed stopwords,Full matrix,None,no_topic,None,[],Pre_trained Model,Level concatenation uppercase,binary,878,0.7792207792207793,{'C': 0.05}
39,100,200,0.95,Difference,Not Fuzzy,Not removed stopwords,Full matrix,None,no_topic,None,[],Pre_trained Model,Level concatenation uppercase,binary,693,0.7792207792207793,{'C': 0.05}
39,100,200,0.95,Difference,Not Fuzzy,Not removed stopwords,Full matrix,None,no_topic,None,[],Pre_trained Model,Level concatenation uppercase,binary,857,0.7792207792207793,{'C': 0.05}
40,100,100,0.99,Difference,Fuzzy,Removed stopwords,Full matrix,simple,no_topic,positive,10,Pre_trained Model,Level post uppercase,binary,329,0.8354430379746836,{'C': 0.05}
40,100,100,0.99,Difference,Fuzzy,Removed stopwords,Full matrix,simple,no_topic,positive,10,Pre_trained Model,Level post uppercase,binary,630,0.8354430379746836,{'C': 0.05}
40,100,100,0.99,Difference,Fuzzy,Removed stopwords,Full matrix,simple,no_topic,positive,10,Pre_trained Model,Level post uppercase,binary,142,0.8354430379746836,{'C': 0.05}
40,100,100,0.99,Difference,Fuzzy,Removed stopwords,Full matrix,simple,no_topic,positive,10,Pre_trained Model,Level post uppercase,binary,335,0.8354430379746836,{'C': 0.05}
40,100,100,0.99,Difference,Fuzzy,Removed stopwords,Full matrix,simple,no_topic,positive,10,Pre_trained Model,Level post uppercase,binary,327,0.8354430379746836,{'C': 0.05}
41,100,100,0.99,Difference,Not Fuzzy,Removed stopwords,Full matrix,simple,no_topic,positive,10,Pre_trained Model,Level post uppercase,binary,172,0.8354430379746836,{'C': 0.05}
41,100,100,0.99,Difference,Not Fuzzy,Removed stopwords,Full matrix,simple,no_topic,positive,10,Pre_trained Model,Level post uppercase,binary,112,0.8354430379746836,{'C': 0.05}
41,100,100,0.99,Difference,Not Fuzzy,Removed stopwords,Full matrix,simple,no_topic,positive,10,Pre_trained Model,Level post uppercase,binary,812,0.8354430379746836,{'C': 0.05}
41,100,100,0.99,Difference,Not Fuzzy,Removed stopwords,Full matrix,simple,no_topic,positive,10,Pre_trained Model,Level post uppercase,binary,40,0.8354430379746836,{'C': 0.05}
41,100,100,0.99,Difference,Not Fuzzy,Removed stopwords,Full matrix,simple,no_topic,positive,10,Pre_trained Model,Level post uppercase,binary,173,0.8354430379746836,{'C': 0.05}
42,100,100,0.95,Difference,Fuzzy,Removed stopwords,Full matrix,simple,no_topic,positive,10,Pre_trained Model,Level post uppercase,binary,622,0.8354430379746836,{'C': 0.05}
42,100,100,0.95,Difference,Fuzzy,Removed stopwords,Full matrix,simple,no_topic,positive,10,Pre_trained Model,Level post uppercase,binary,771,0.8354430379746836,{'C': 0.05}
42,100,100,0.95,Difference,Fuzzy,Removed stopwords,Full matrix,simple,no_topic,positive,10,Pre_trained Model,Level post uppercase,binary,639,0.8354430379746836,{'C': 0.05}
42,100,100,0.95,Difference,Fuzzy,Removed stopwords,Full matrix,simple,no_topic,positive,10,Pre_trained Model,Level post uppercase,binary,790,0.8354430379746836,{'C': 0.05}
42,100,100,0.95,Difference,Fuzzy,Removed stopwords,Full matrix,simple,no_topic,positive,10,Pre_trained Model,Level post uppercase,binary,542,0.8354430379746836,{'C': 0.05}
43,100,100,0.95,Difference,Not Fuzzy,Removed stopwords,Full matrix,simple,no_topic,positive,10,Pre_trained Model,Level post uppercase,binary,82,0.8354430379746836,{'C': 0.05}
43,100,100,0.95,Difference,Not Fuzzy,Removed stopwords,Full matrix,simple,no_topic,positive,10,Pre_trained Model,Level post uppercase,binary,235,0.8354430379746836,{'C': 0.05}
43,100,100,0.95,Difference,Not Fuzzy,Removed stopwords,Full matrix,simple,no_topic,positive,10,Pre_trained Model,Level post uppercase,binary,970,0.8354430379746836,{'C': 0.05}
43,100,100,0.95,Difference,Not Fuzzy,Removed stopwords,Full matrix,simple,no_topic,positive,10,Pre_trained Model,Level post uppercase,binary,13,0.8354430379746836,{'C': 0.05}
43,100,100,0.95,Difference,Not Fuzzy,Removed stopwords,Full matrix,simple,no_topic,positive,10,Pre_trained Model,Level post uppercase,binary,759,0.8354430379746836,{'C': 0.05}
44,100,100,0.9,Difference,Fuzzy,Removed stopwords,Full matrix,simple,no_topic,positive,10,Pre_trained Model,Level post uppercase,binary,132,0.8354430379746836,{'C': 0.05}
44,100,100,0.9,Difference,Fuzzy,Removed stopwords,Full matrix,simple,no_topic,positive,10,Pre_trained Model,Level post uppercase,binary,48,0.8354430379746836,{'C': 0.05}
44,100,100,0.9,Difference,Fuzzy,Removed stopwords,Full matrix,simple,no_topic,positive,10,Pre_trained Model,Level post uppercase,binary,837,0.8354430379746836,{'C': 0.05}
44,100,100,0.9,Difference,Fuzzy,Removed stopwords,Full matrix,simple,no_topic,positive,10,Pre_trained Model,Level post uppercase,binary,907,0.8354430379746836,{'C': 0.05}
44,100,100,0.9,Difference,Fuzzy,Removed stopwords,Full matrix,simple,no_topic,positive,10,Pre_trained Model,Level post uppercase,binary,328,0.8354430379746836,{'C': 0.05}
45,100,100,0.9,Difference,Not Fuzzy,Removed stopwords,Full matrix,simple,no_topic,positive,10,Pre_trained Model,Level post uppercase,binary,768,0.8354430379746836,{'C': 0.05}
45,100,100,0.9,Difference,Not Fuzzy,Removed stopwords,Full matrix,simple,no_topic,positive,10,Pre_trained Model,Level post uppercase,binary,916,0.8354430379746836,{'C': 0.05}
45,100,100,0.9,Difference,Not Fuzzy,Removed stopwords,Full matrix,simple,no_topic,positive,10,Pre_trained Model,Level post uppercase,binary,525,0.8354430379746836,{'C': 0.05}
45,100,100,0.9,Difference,Not Fuzzy,Removed stopwords,Full matrix,simple,no_topic,positive,10,Pre_trained Model,Level post uppercase,binary,757,0.8354430379746836,{'C': 0.05}
45,100,100,0.9,Difference,Not Fuzzy,Removed stopwords,Full matrix,simple,no_topic,positive,10,Pre_trained Model,Level post uppercase,binary,75,0.8354430379746836,{'C': 0.05}
46,500,200,0.9,Difference,Not Fuzzy,Removed stopwords,Full matrix,simple,no_topic,negative,10,Pre_trained Model,Level post lowercase,binary,242,0.8266666666666665,{'C': 0.05}
46,500,200,0.9,Difference,Not Fuzzy,Removed stopwords,Full matrix,simple,no_topic,negative,10,Pre_trained Model,Level post lowercase,binary,955,0.8266666666666665,{'C': 0.05}
46,500,200,0.9,Difference,Not Fuzzy,Removed stopwords,Full matrix,simple,no_topic,negative,10,Pre_trained Model,Level post lowercase,binary,769,0.8266666666666665,{'C': 0.05}
46,500,200,0.9,Difference,Not Fuzzy,Removed stopwords,Full matrix,simple,no_topic,negative,10,Pre_trained Model,Level post lowercase,binary,340,0.8266666666666665,{'C': 0.05}
46,500,200,0.9,Difference,Not Fuzzy,Removed stopwords,Full matrix,simple,no_topic,negative,10,Pre_trained Model,Level post lowercase,binary,681,0.8266666666666665,{'C': 0.05}
47,500,200,0.9,Difference,Fuzzy,Removed stopwords,Full matrix,simple,no_topic,negative,10,Pre_trained Model,Level post lowercase,binary,801,0.8157894736842105,{'C': 0.05}
47,500,200,0.9,Difference,Fuzzy,Removed stopwords,Full matrix,simple,no_topic,negative,10,Pre_trained Model,Level post lowercase,binary,71,0.8157894736842105,{'C': 0.05}
47,500,200,0.9,Difference,Fuzzy,Removed stopwords,Full matrix,simple,no_topic,negative,10,Pre_trained Model,Level post lowercase,binary,144,0.8157894736842105,{'C': 0.05}
47,500,200,0.9,Difference,Fuzzy,Removed stopwords,Full matrix,simple,no_topic,negative,10,Pre_trained Model,Level post lowercase,binary,593,0.8157894736842105,{'C': 0.05}
47,500,200,0.9,Difference,Fuzzy,Removed stopwords,Full matrix,simple,no_topic,negative,10,Pre_trained Model,Level post lowercase,binary,185,0.8157894736842105,{'C': 0.05}
48,100,100,0.99,Difference,Fuzzy,Removed stopwords,Full matrix,simple,no_topic,positive,5,Pre_trained Model,Level post uppercase,binary,531,0.8148148148148149,{'C': 0.05}
48,100,100,0.99,Difference,Fuzzy,Removed stopwords,Full matrix,simple,no_topic,positive,5,Pre_trained Model,Level post uppercase,binary,436,0.8148148148148149,{'C': 0.05}
48,100,100,0.99,Difference,Fuzzy,Removed stopwords,Full matrix,simple,no_topic,positive,5,Pre_trained Model,Level post uppercase,binary,745,0.8148148148148149,{'C': 0.05}
48,100,100,0.99,Difference,Fuzzy,Removed stopwords,Full matrix,simple,no_topic,positive,5,Pre_trained Model,Level post uppercase,binary,42,0.8148148148148149,{'C': 0.05}
48,100,100,0.99,Difference,Fuzzy,Removed stopwords,Full matrix,simple,no_topic,positive,5,Pre_trained Model,Level post uppercase,binary,30,0.8148148148148149,{'C': 0.05}
49,100,100,0.99,Difference,Fuzzy,Removed stopwords,Full matrix,simple,no_topic,negative,5,Pre_trained Model,Level post uppercase,binary,185,0.8148148148148149,{'C': 0.05}
49,100,100,0.99,Difference,Fuzzy,Removed stopwords,Full matrix,simple,no_topic,negative,5,Pre_trained Model,Level post uppercase,binary,964,0.8148148148148149,{'C': 0.05}
49,100,100,0.99,Difference,Fuzzy,Removed stopwords,Full matrix,simple,no_topic,negative,5,Pre_trained Model,Level post uppercase,binary,274,0.8148148148148149,{'C': 0.05}
49,100,100,0.99,Difference,Fuzzy,Removed stopwords,Full matrix,simple,no_topic,negative,5,Pre_trained Model,Level post uppercase,binary,951,0.8148148148148149,{'C': 0.05}
49,100,100,0.99,Difference,Fuzzy,Removed stopwords,Full matrix,simple,no_topic,negative,5,Pre_trained Model,Level post uppercase,binary,345,0.8148148148148149,{'C': 0.05}
50,100,100,0.99,Difference,Not Fuzzy,Removed stopwords,Full matrix,simple,no_topic,positive,5,Pre_trained Model,Level post uppercase,binary,641,0.8148148148148149,{'C': 0.05}
50,100,100,0.99,Difference,Not Fuzzy,Removed stopwords,Full matrix,simple,no_topic,positive,5,Pre_trained Model,Level post uppercase,binary,501,0.8148148148148149,{'C': 0.05}
50,100,100,0.99,Difference,Not Fuzzy,Removed stopwords,Full matrix,simple,no_topic,positive,5,Pre_trained Model,Level post uppercase,binary,38,0.8148148148148149,{'C': 0.05}
50,100,100,0.99,Difference,Not Fuzzy,Removed stopwords,Full matrix,simple,no_topic,positive,5,Pre_trained Model,Level post uppercase,binary,657,0.8148148148148149,{'C': 0.05}
50,100,100,0.99,Difference,Not Fuzzy,Removed stopwords,Full matrix,simple,no_topic,positive,5,Pre_trained Model,Level post uppercase,binary,386,0.8148148148148149,{'C': 0.05}
51,100,100,0.99,Difference,Not Fuzzy,Removed stopwords,Full matrix,simple,no_topic,negative,5,Pre_trained Model,Level post uppercase,binary,59,0.8148148148148149,{'C': 0.05}
51,100,100,0.99,Difference,Not Fuzzy,Removed stopwords,Full matrix,simple,no_topic,negative,5,Pre_trained Model,Level post uppercase,binary,437,0.8148148148148149,{'C': 0.05}
51,100,100,0.99,Difference,Not Fuzzy,Removed stopwords,Full matrix,simple,no_topic,negative,5,Pre_trained Model,Level post uppercase,binary,23,0.8148148148148149,{'C': 0.05}
51,100,100,0.99,Difference,Not Fuzzy,Removed stopwords,Full matrix,simple,no_topic,negative,5,Pre_trained Model,Level post uppercase,binary,905,0.8148148148148149,{'C': 0.05}
51,100,100,0.99,Difference,Not Fuzzy,Removed stopwords,Full matrix,simple,no_topic,negative,5,Pre_trained Model,Level post uppercase,binary,763,0.8148148148148149,{'C': 0.05}
52,100,100,0.95,Difference,Fuzzy,Removed stopwords,Full matrix,simple,no_topic,positive,5,Pre_trained Model,Level post uppercase,binary,973,0.8148148148148149,{'C': 0.05}
52,100,100,0.95,Difference,Fuzzy,Removed stopwords,Full matrix,simple,no_topic,positive,5,Pre_trained Model,Level post uppercase,binary,690,0.8148148148148149,{'C': 0.05}
52,100,100,0.95,Difference,Fuzzy,Removed stopwords,Full matrix,simple,no_topic,positive,5,Pre_trained Model,Level post uppercase,binary,554,0.8148148148148149,{'C': 0.05}
52,100,100,0.95,Difference,Fuzzy,Removed stopwords,Full matrix,simple,no_topic,positive,5,Pre_trained Model,Level post uppercase,binary,732,0.8148148148148149,{'C': 0.05}
52,100,100,0.95,Difference,Fuzzy,Removed stopwords,Full matrix,simple,no_topic,positive,5,Pre_trained Model,Level post uppercase,binary,463,0.8148148148148149,{'C': 0.05}
53,100,100,0.95,Difference,Fuzzy,Removed stopwords,Full matrix,simple,no_topic,negative,5,Pre_trained Model,Level post uppercase,binary,752,0.8148148148148149,{'C': 0.05}
53,100,100,0.95,Difference,Fuzzy,Removed stopwords,Full matrix,simple,no_topic,negative,5,Pre_trained Model,Level post uppercase,binary,192,0.8148148148148149,{'C': 0.05}
53,100,100,0.95,Difference,Fuzzy,Removed stopwords,Full matrix,simple,no_topic,negative,5,Pre_trained Model,Level post uppercase,binary,660,0.8148148148148149,{'C': 0.05}
53,100,100,0.95,Difference,Fuzzy,Removed stopwords,Full matrix,simple,no_topic,negative,5,Pre_trained Model,Level post uppercase,binary,504,0.8148148148148149,{'C': 0.05}
53,100,100,0.95,Difference,Fuzzy,Removed stopwords,Full matrix,simple,no_topic,negative,5,Pre_trained Model,Level post uppercase,binary,60,0.8148148148148149,{'C': 0.05}
54,100,100,0.95,Difference,Not Fuzzy,Removed stopwords,Full matrix,simple,no_topic,positive,5,Pre_trained Model,Level post uppercase,binary,300,0.8148148148148149,{'C': 0.05}
54,100,100,0.95,Difference,Not Fuzzy,Removed stopwords,Full matrix,simple,no_topic,positive,5,Pre_trained Model,Level post uppercase,binary,928,0.8148148148148149,{'C': 0.05}
54,100,100,0.95,Difference,Not Fuzzy,Removed stopwords,Full matrix,simple,no_topic,positive,5,Pre_trained Model,Level post uppercase,binary,888,0.8148148148148149,{'C': 0.05}
54,100,100,0.95,Difference,Not Fuzzy,Removed stopwords,Full matrix,simple,no_topic,positive,5,Pre_trained Model,Level post uppercase,binary,403,0.8148148148148149,{'C': 0.05}
54,100,100,0.95,Difference,Not Fuzzy,Removed stopwords,Full matrix,simple,no_topic,positive,5,Pre_trained Model,Level post uppercase,binary,505,0.8148148148148149,{'C': 0.05}
55,100,100,0.95,Difference,Not Fuzzy,Removed stopwords,Full matrix,simple,no_topic,negative,5,Pre_trained Model,Level post uppercase,binary,886,0.8148148148148149,{'C': 0.05}
55,100,100,0.95,Difference,Not Fuzzy,Removed stopwords,Full matrix,simple,no_topic,negative,5,Pre_trained Model,Level post uppercase,binary,623,0.8148148148148149,{'C': 0.05}
55,100,100,0.95,Difference,Not Fuzzy,Removed stopwords,Full matrix,simple,no_topic,negative,5,Pre_trained Model,Level post uppercase,binary,327,0.8148148148148149,{'C': 0.05}
55,100,100,0.95,Difference,Not Fuzzy,Removed stopwords,Full matrix,simple,no_topic,negative,5,Pre_trained Model,Level post uppercase,binary,863,0.8148148148148149,{'C': 0.05}
55,100,100,0.95,Difference,Not Fuzzy,Removed stopwords,Full matrix,simple,no_topic,negative,5,Pre_trained Model,Level post uppercase,binary,905,0.8148148148148149,{'C': 0.05}
56,100,100,0.9,Difference,Fuzzy,Removed stopwords,Full matrix,simple,no_topic,positive,5,Pre_trained Model,Level post uppercase,binary,714,0.8148148148148149,{'C': 0.05}
56,100,100,0.9,Difference,Fuzzy,Removed stopwords,Full matrix,simple,no_topic,positive,5,Pre_trained Model,Level post uppercase,binary,662,0.8148148148148149,{'C': 0.05}
56,100,100,0.9,Difference,Fuzzy,Removed stopwords,Full matrix,simple,no_topic,positive,5,Pre_trained Model,Level post uppercase,binary,574,0.8148148148148149,{'C': 0.05}
56,100,100,0.9,Difference,Fuzzy,Removed stopwords,Full matrix,simple,no_topic,positive,5,Pre_trained Model,Level post uppercase,binary,533,0.8148148148148149,{'C': 0.05}
56,100,100,0.9,Difference,Fuzzy,Removed stopwords,Full matrix,simple,no_topic,positive,5,Pre_trained Model,Level post uppercase,binary,950,0.8148148148148149,{'C': 0.05}
57,100,100,0.9,Difference,Fuzzy,Removed stopwords,Full matrix,simple,no_topic,negative,5,Pre_trained Model,Level post uppercase,binary,268,0.8148148148148149,{'C': 0.05}
57,100,100,0.9,Difference,Fuzzy,Removed stopwords,Full matrix,simple,no_topic,negative,5,Pre_trained Model,Level post uppercase,binary,932,0.8148148148148149,{'C': 0.05}
57,100,100,0.9,Difference,Fuzzy,Removed stopwords,Full matrix,simple,no_topic,negative,5,Pre_trained Model,Level post uppercase,binary,960,0.8148148148148149,{'C': 0.05}
57,100,100,0.9,Difference,Fuzzy,Removed stopwords,Full matrix,simple,no_topic,negative,5,Pre_trained Model,Level post uppercase,binary,545,0.8148148148148149,{'C': 0.05}
57,100,100,0.9,Difference,Fuzzy,Removed stopwords,Full matrix,simple,no_topic,negative,5,Pre_trained Model,Level post uppercase,binary,161,0.8148148148148149,{'C': 0.05}
58,100,100,0.9,Difference,Not Fuzzy,Removed stopwords,Full matrix,simple,no_topic,positive,5,Pre_trained Model,Level post uppercase,binary,406,0.8148148148148149,{'C': 0.05}
58,100,100,0.9,Difference,Not Fuzzy,Removed stopwords,Full matrix,simple,no_topic,positive,5,Pre_trained Model,Level post uppercase,binary,328,0.8148148148148149,{'C': 0.05}
58,100,100,0.9,Difference,Not Fuzzy,Removed stopwords,Full matrix,simple,no_topic,positive,5,Pre_trained Model,Level post uppercase,binary,205,0.8148148148148149,{'C': 0.05}
58,100,100,0.9,Difference,Not Fuzzy,Removed stopwords,Full matrix,simple,no_topic,positive,5,Pre_trained Model,Level post uppercase,binary,968,0.8148148148148149,{'C': 0.05}
58,100,100,0.9,Difference,Not Fuzzy,Removed stopwords,Full matrix,simple,no_topic,positive,5,Pre_trained Model,Level post uppercase,binary,358,0.8148148148148149,{'C': 0.05}
59,100,100,0.9,Difference,Not Fuzzy,Removed stopwords,Full matrix,simple,no_topic,negative,5,Pre_trained Model,Level post uppercase,binary,759,0.8148148148148149,{'C': 0.05}
59,100,100,0.9,Difference,Not Fuzzy,Removed stopwords,Full matrix,simple,no_topic,negative,5,Pre_trained Model,Level post uppercase,binary,341,0.8148148148148149,{'C': 0.05}
59,100,100,0.9,Difference,Not Fuzzy,Removed stopwords,Full matrix,simple,no_topic,negative,5,Pre_trained Model,Level post uppercase,binary,732,0.8148148148148149,{'C': 0.05}
59,100,100,0.9,Difference,Not Fuzzy,Removed stopwords,Full matrix,simple,no_topic,negative,5,Pre_trained Model,Level post uppercase,binary,750,0.8148148148148149,{'C': 0.05}
59,100,100,0.9,Difference,Not Fuzzy,Removed stopwords,Full matrix,simple,no_topic,negative,5,Pre_trained Model,Level post uppercase,binary,659,0.8148148148148149,{'C': 0.05}
60,100,100,0.9,Difference,Fuzzy,Removed stopwords,Full matrix,clustering,no_topic,negative,5-20,Pre_trained Model,Level post uppercase,binary,405,0.23853211009174313,{'C': 0.25}
60,100,100,0.9,Difference,Fuzzy,Removed stopwords,Full matrix,clustering,no_topic,negative,5-20,Pre_trained Model,Level post uppercase,binary,84,0.23853211009174313,{'C': 0.25}
60,100,100,0.9,Difference,Fuzzy,Removed stopwords,Full matrix,clustering,no_topic,negative,5-20,Pre_trained Model,Level post uppercase,binary,141,0.23853211009174313,{'C': 0.25}
60,100,100,0.9,Difference,Fuzzy,Removed stopwords,Full matrix,clustering,no_topic,negative,5-20,Pre_trained Model,Level post uppercase,binary,245,0.23853211009174313,{'C': 0.25}
60,100,100,0.9,Difference,Fuzzy,Removed stopwords,Full matrix,clustering,no_topic,negative,5-20,Pre_trained Model,Level post uppercase,binary,224,0.23853211009174313,{'C': 0.25}
61,500,200,0.9,Difference,Fuzzy,Removed stopwords,Full matrix,clustering,no_topic,negative,5,Pre_trained Model,Level post lowercase,binary,87,0.7948717948717948,{'C': 0.05}
61,500,200,0.9,Difference,Fuzzy,Removed stopwords,Full matrix,clustering,no_topic,negative,5,Pre_trained Model,Level post lowercase,binary,180,0.7948717948717948,{'C': 0.05}
61,500,200,0.9,Difference,Fuzzy,Removed stopwords,Full matrix,clustering,no_topic,negative,5,Pre_trained Model,Level post lowercase,binary,997,0.7948717948717948,{'C': 0.05}
61,500,200,0.9,Difference,Fuzzy,Removed stopwords,Full matrix,clustering,no_topic,negative,5,Pre_trained Model,Level post lowercase,binary,504,0.7948717948717948,{'C': 0.05}
61,500,200,0.9,Difference,Fuzzy,Removed stopwords,Full matrix,clustering,no_topic,negative,5,Pre_trained Model,Level post lowercase,binary,45,0.7948717948717948,{'C': 0.05}
62,500,200,0.9,Difference,Not Fuzzy,Removed stopwords,Full matrix,clustering,no_topic,negative,10,Pre_trained Model,Level post lowercase,binary,270,0.5401459854014599,{'C': 0.05}
62,500,200,0.9,Difference,Not Fuzzy,Removed stopwords,Full matrix,clustering,no_topic,negative,10,Pre_trained Model,Level post lowercase,binary,514,0.5401459854014599,{'C': 0.05}
62,500,200,0.9,Difference,Not Fuzzy,Removed stopwords,Full matrix,clustering,no_topic,negative,10,Pre_trained Model,Level post lowercase,binary,349,0.5401459854014599,{'C': 0.05}
62,500,200,0.9,Difference,Not Fuzzy,Removed stopwords,Full matrix,clustering,no_topic,negative,10,Pre_trained Model,Level post lowercase,binary,86,0.5401459854014599,{'C': 0.05}
62,500,200,0.9,Difference,Not Fuzzy,Removed stopwords,Full matrix,clustering,no_topic,negative,10,Pre_trained Model,Level post lowercase,binary,274,0.5401459854014599,{'C': 0.05}
63,100,200,0.99,No difference,Fuzzy,Not removed stopwords,Full matrix,clustering,no_topic,negative,5,Anorexia Model,Level post lowercase,binary,575,0.34615384615384615,{'C': 0.05}
63,100,200,0.99,No difference,Fuzzy,Not removed stopwords,Full matrix,clustering,no_topic,negative,5,Anorexia Model,Level post lowercase,binary,276,0.34615384615384615,{'C': 0.05}
63,100,200,0.99,No difference,Fuzzy,Not removed stopwords,Full matrix,clustering,no_topic,negative,5,Anorexia Model,Level post lowercase,binary,155,0.34615384615384615,{'C': 0.05}
63,100,200,0.99,No difference,Fuzzy,Not removed stopwords,Full matrix,clustering,no_topic,negative,5,Anorexia Model,Level post lowercase,binary,562,0.34615384615384615,{'C': 0.05}
63,100,200,0.99,No difference,Fuzzy,Not removed stopwords,Full matrix,clustering,no_topic,negative,5,Anorexia Model,Level post lowercase,binary,924,0.34615384615384615,{'C': 0.05}
64,200,100,0.99,Difference,Fuzzy,Removed stopwords,Full matrix,clustering,no_topic,positive,5-20,Pre_trained Model,Level concatenation uppercase,binary,116,0.4769230769230769,{'C': 0.12}
64,200,100,0.99,Difference,Fuzzy,Removed stopwords,Full matrix,clustering,no_topic,positive,5-20,Pre_trained Model,Level concatenation uppercase,binary,182,0.4769230769230769,{'C': 0.12}
64,200,100,0.99,Difference,Fuzzy,Removed stopwords,Full matrix,clustering,no_topic,positive,5-20,Pre_trained Model,Level concatenation uppercase,binary,151,0.4769230769230769,{'C': 0.12}
64,200,100,0.99,Difference,Fuzzy,Removed stopwords,Full matrix,clustering,no_topic,positive,5-20,Pre_trained Model,Level concatenation uppercase,binary,519,0.4769230769230769,{'C': 0.12}
64,200,100,0.99,Difference,Fuzzy,Removed stopwords,Full matrix,clustering,no_topic,positive,5-20,Pre_trained Model,Level concatenation uppercase,binary,620,0.4769230769230769,{'C': 0.12}
65,100,200,0.95,Difference,Not Fuzzy,Not removed stopwords,Full matrix,clustering,no_topic,positive,20,Pre_trained Model,Level concatenation uppercase,binary,612,0.5,{'C': 0.05}
65,100,200,0.95,Difference,Not Fuzzy,Not removed stopwords,Full matrix,clustering,no_topic,positive,20,Pre_trained Model,Level concatenation uppercase,binary,681,0.5,{'C': 0.05}
65,100,200,0.95,Difference,Not Fuzzy,Not removed stopwords,Full matrix,clustering,no_topic,positive,20,Pre_trained Model,Level concatenation uppercase,binary,273,0.5,{'C': 0.05}
65,100,200,0.95,Difference,Not Fuzzy,Not removed stopwords,Full matrix,clustering,no_topic,positive,20,Pre_trained Model,Level concatenation uppercase,binary,47,0.5,{'C': 0.05}
65,100,200,0.95,Difference,Not Fuzzy,Not removed stopwords,Full matrix,clustering,no_topic,positive,20,Pre_trained Model,Level concatenation uppercase,binary,340,0.5,{'C': 0.05}
66,100,100,0.9,Difference,Not Fuzzy,Not removed stopwords,Full matrix,clustering,no_topic,positive,10,Pre_trained Model,Level post lowercase,binary,78,0.24550898203592814,{'C': 0.05}
66,100,100,0.9,Difference,Not Fuzzy,Not removed stopwords,Full matrix,clustering,no_topic,positive,10,Pre_trained Model,Level post lowercase,binary,366,0.24550898203592814,{'C': 0.05}
66,100,100,0.9,Difference,Not Fuzzy,Not removed stopwords,Full matrix,clustering,no_topic,positive,10,Pre_trained Model,Level post lowercase,binary,278,0.24550898203592814,{'C': 0.05}
66,100,100,0.9,Difference,Not Fuzzy,Not removed stopwords,Full matrix,clustering,no_topic,positive,10,Pre_trained Model,Level post lowercase,binary,154,0.24550898203592814,{'C': 0.05}
66,100,100,0.9,Difference,Not Fuzzy,Not removed stopwords,Full matrix,clustering,no_topic,positive,10,Pre_trained Model,Level post lowercase,binary,554,0.24550898203592814,{'C': 0.05}
67,100,100,0.9,Difference,Not Fuzzy,Removed stopwords,Full matrix,clustering,no_topic,negative,5,Pre_trained Model,Level post uppercase,binary,398,0.7586206896551724,{'C': 0.05}
67,100,100,0.9,Difference,Not Fuzzy,Removed stopwords,Full matrix,clustering,no_topic,negative,5,Pre_trained Model,Level post uppercase,binary,241,0.7586206896551724,{'C': 0.05}
67,100,100,0.9,Difference,Not Fuzzy,Removed stopwords,Full matrix,clustering,no_topic,negative,5,Pre_trained Model,Level post uppercase,binary,32,0.7586206896551724,{'C': 0.05}
67,100,100,0.9,Difference,Not Fuzzy,Removed stopwords,Full matrix,clustering,no_topic,negative,5,Pre_trained Model,Level post uppercase,binary,3,0.7586206896551724,{'C': 0.05}
67,100,100,0.9,Difference,Not Fuzzy,Removed stopwords,Full matrix,clustering,no_topic,negative,5,Pre_trained Model,Level post uppercase,binary,726,0.7586206896551724,{'C': 0.05}
68,100,100,0.9,Difference,Not Fuzzy,Not removed stopwords,Full matrix,clustering,no_topic,negative,20,Pre_trained Model,Level post lowercase,binary,306,0.38190954773869346,{'C': 0.05}
68,100,100,0.9,Difference,Not Fuzzy,Not removed stopwords,Full matrix,clustering,no_topic,negative,20,Pre_trained Model,Level post lowercase,binary,431,0.38190954773869346,{'C': 0.05}
68,100,100,0.9,Difference,Not Fuzzy,Not removed stopwords,Full matrix,clustering,no_topic,negative,20,Pre_trained Model,Level post lowercase,binary,433,0.38190954773869346,{'C': 0.05}
68,100,100,0.9,Difference,Not Fuzzy,Not removed stopwords,Full matrix,clustering,no_topic,negative,20,Pre_trained Model,Level post lowercase,binary,10,0.38190954773869346,{'C': 0.05}
68,100,100,0.9,Difference,Not Fuzzy,Not removed stopwords,Full matrix,clustering,no_topic,negative,20,Pre_trained Model,Level post lowercase,binary,103,0.38190954773869346,{'C': 0.05}
69,100,100,0.99,Difference,Not Fuzzy,Removed stopwords,Full matrix,clustering,no_topic,negative,20,Pre_trained Model,Level post uppercase,binary,250,0.24489795918367344,{'C': 0.05}
69,100,100,0.99,Difference,Not Fuzzy,Removed stopwords,Full matrix,clustering,no_topic,negative,20,Pre_trained Model,Level post uppercase,binary,242,0.24489795918367344,{'C': 0.05}
69,100,100,0.99,Difference,Not Fuzzy,Removed stopwords,Full matrix,clustering,no_topic,negative,20,Pre_trained Model,Level post uppercase,binary,180,0.24489795918367344,{'C': 0.05}
69,100,100,0.99,Difference,Not Fuzzy,Removed stopwords,Full matrix,clustering,no_topic,negative,20,Pre_trained Model,Level post uppercase,binary,189,0.24489795918367344,{'C': 0.05}
69,100,100,0.99,Difference,Not Fuzzy,Removed stopwords,Full matrix,clustering,no_topic,negative,20,Pre_trained Model,Level post uppercase,binary,298,0.24489795918367344,{'C': 0.05}
70,100,100,0.9,Difference,Fuzzy,Not removed stopwords,Full matrix,clustering,no_topic,positive,10,Pre_trained Model,Level post lowercase,binary,603,0.23563218390804597,{'C': 0.05}
70,100,100,0.9,Difference,Fuzzy,Not removed stopwords,Full matrix,clustering,no_topic,positive,10,Pre_trained Model,Level post lowercase,binary,576,0.23563218390804597,{'C': 0.05}
70,100,100,0.9,Difference,Fuzzy,Not removed stopwords,Full matrix,clustering,no_topic,positive,10,Pre_trained Model,Level post lowercase,binary,190,0.23563218390804597,{'C': 0.05}
70,100,100,0.9,Difference,Fuzzy,Not removed stopwords,Full matrix,clustering,no_topic,positive,10,Pre_trained Model,Level post lowercase,binary,637,0.23563218390804597,{'C': 0.05}
70,100,100,0.9,Difference,Fuzzy,Not removed stopwords,Full matrix,clustering,no_topic,positive,10,Pre_trained Model,Level post lowercase,binary,585,0.23563218390804597,{'C': 0.05}
71,100,100,0.99,Difference,Not Fuzzy,Removed stopwords,Full matrix,clustering,no_topic,positive,10-20,Pre_trained Model,Level post uppercase,binary,364,0.329004329004329,{'C': 0.12}
71,100,100,0.99,Difference,Not Fuzzy,Removed stopwords,Full matrix,clustering,no_topic,positive,10-20,Pre_trained Model,Level post uppercase,binary,959,0.329004329004329,{'C': 0.12}
71,100,100,0.99,Difference,Not Fuzzy,Removed stopwords,Full matrix,clustering,no_topic,positive,10-20,Pre_trained Model,Level post uppercase,binary,501,0.329004329004329,{'C': 0.12}
71,100,100,0.99,Difference,Not Fuzzy,Removed stopwords,Full matrix,clustering,no_topic,positive,10-20,Pre_trained Model,Level post uppercase,binary,133,0.329004329004329,{'C': 0.12}
71,100,100,0.99,Difference,Not Fuzzy,Removed stopwords,Full matrix,clustering,no_topic,positive,10-20,Pre_trained Model,Level post uppercase,binary,404,0.329004329004329,{'C': 0.12}
72,100,200,0.99,Difference,Fuzzy,Not removed stopwords,Full matrix,clustering,no_topic,positive,5,Pre_trained Model,Level concatenation uppercase,binary,730,0.564516129032258,{'C': 0.05}
72,100,200,0.99,Difference,Fuzzy,Not removed stopwords,Full matrix,clustering,no_topic,positive,5,Pre_trained Model,Level concatenation uppercase,binary,932,0.564516129032258,{'C': 0.05}
72,100,200,0.99,Difference,Fuzzy,Not removed stopwords,Full matrix,clustering,no_topic,positive,5,Pre_trained Model,Level concatenation uppercase,binary,341,0.564516129032258,{'C': 0.05}
72,100,200,0.99,Difference,Fuzzy,Not removed stopwords,Full matrix,clustering,no_topic,positive,5,Pre_trained Model,Level concatenation uppercase,binary,512,0.564516129032258,{'C': 0.05}
72,100,200,0.99,Difference,Fuzzy,Not removed stopwords,Full matrix,clustering,no_topic,positive,5,Pre_trained Model,Level concatenation uppercase,binary,754,0.564516129032258,{'C': 0.05}
73,100,200,0.99,Difference,Fuzzy,Not removed stopwords,Full matrix,clustering,no_topic,negative,5,Pre_trained Model,Level concatenation uppercase,binary,603,0.7123287671232876,{'C': 0.05}
73,100,200,0.99,Difference,Fuzzy,Not removed stopwords,Full matrix,clustering,no_topic,negative,5,Pre_trained Model,Level concatenation uppercase,binary,161,0.7123287671232876,{'C': 0.05}
73,100,200,0.99,Difference,Fuzzy,Not removed stopwords,Full matrix,clustering,no_topic,negative,5,Pre_trained Model,Level concatenation uppercase,binary,27,0.7123287671232876,{'C': 0.05}
73,100,200,0.99,Difference,Fuzzy,Not removed stopwords,Full matrix,clustering,no_topic,negative,5,Pre_trained Model,Level concatenation uppercase,binary,430,0.7123287671232876,{'C': 0.05}
73,100,200,0.99,Difference,Fuzzy,Not removed stopwords,Full matrix,clustering,no_topic,negative,5,Pre_trained Model,Level concatenation uppercase,binary,617,0.7123287671232876,{'C': 0.05}
74,100,100,0.95,Difference,Fuzzy,Removed stopwords,Full matrix,clustering,no_topic,positive,5-10,Pre_trained Model,Level post uppercase,binary,283,0.396039603960396,{'C': 0.05}
74,100,100,0.95,Difference,Fuzzy,Removed stopwords,Full matrix,clustering,no_topic,positive,5-10,Pre_trained Model,Level post uppercase,binary,913,0.396039603960396,{'C': 0.05}
74,100,100,0.95,Difference,Fuzzy,Removed stopwords,Full matrix,clustering,no_topic,positive,5-10,Pre_trained Model,Level post uppercase,binary,175,0.396039603960396,{'C': 0.05}
74,100,100,0.95,Difference,Fuzzy,Removed stopwords,Full matrix,clustering,no_topic,positive,5-10,Pre_trained Model,Level post uppercase,binary,934,0.396039603960396,{'C': 0.05}
74,100,100,0.95,Difference,Fuzzy,Removed stopwords,Full matrix,clustering,no_topic,positive,5-10,Pre_trained Model,Level post uppercase,binary,118,0.396039603960396,{'C': 0.05}
75,100,100,0.99,Difference,Not Fuzzy,Removed stopwords,Full matrix,clustering,no_topic,negative,5,Pre_trained Model,Level post uppercase,binary,968,0.7472527472527474,{'C': 0.05}
75,100,100,0.99,Difference,Not Fuzzy,Removed stopwords,Full matrix,clustering,no_topic,negative,5,Pre_trained Model,Level post uppercase,binary,500,0.7472527472527474,{'C': 0.05}
75,100,100,0.99,Difference,Not Fuzzy,Removed stopwords,Full matrix,clustering,no_topic,negative,5,Pre_trained Model,Level post uppercase,binary,91,0.7472527472527474,{'C': 0.05}
75,100,100,0.99,Difference,Not Fuzzy,Removed stopwords,Full matrix,clustering,no_topic,negative,5,Pre_trained Model,Level post uppercase,binary,194,0.7472527472527474,{'C': 0.05}
75,100,100,0.99,Difference,Not Fuzzy,Removed stopwords,Full matrix,clustering,no_topic,negative,5,Pre_trained Model,Level post uppercase,binary,200,0.7472527472527474,{'C': 0.05}
76,100,100,0.9,Difference,Fuzzy,Not removed stopwords,Full matrix,clustering,no_topic,negative,20,Pre_trained Model,Level post lowercase,binary,690,0.6835443037974684,{'C': 0.05}
76,100,100,0.9,Difference,Fuzzy,Not removed stopwords,Full matrix,clustering,no_topic,negative,20,Pre_trained Model,Level post lowercase,binary,118,0.6835443037974684,{'C': 0.05}
76,100,100,0.9,Difference,Fuzzy,Not removed stopwords,Full matrix,clustering,no_topic,negative,20,Pre_trained Model,Level post lowercase,binary,504,0.6835443037974684,{'C': 0.05}
76,100,100,0.9,Difference,Fuzzy,Not removed stopwords,Full matrix,clustering,no_topic,negative,20,Pre_trained Model,Level post lowercase,binary,222,0.6835443037974684,{'C': 0.05}
76,100,100,0.9,Difference,Fuzzy,Not removed stopwords,Full matrix,clustering,no_topic,negative,20,Pre_trained Model,Level post lowercase,binary,52,0.6835443037974684,{'C': 0.05}
77,100,100,0.9,Difference,Not Fuzzy,Not removed stopwords,Full matrix,clustering,no_topic,negative,5,Pre_trained Model,Level post lowercase,binary,975,0.7912087912087912,{'C': 0.05}
77,100,100,0.9,Difference,Not Fuzzy,Not removed stopwords,Full matrix,clustering,no_topic,negative,5,Pre_trained Model,Level post lowercase,binary,430,0.7912087912087912,{'C': 0.05}
77,100,100,0.9,Difference,Not Fuzzy,Not removed stopwords,Full matrix,clustering,no_topic,negative,5,Pre_trained Model,Level post lowercase,binary,390,0.7912087912087912,{'C': 0.05}
77,100,100,0.9,Difference,Not Fuzzy,Not removed stopwords,Full matrix,clustering,no_topic,negative,5,Pre_trained Model,Level post lowercase,binary,872,0.7912087912087912,{'C': 0.05}
77,100,100,0.9,Difference,Not Fuzzy,Not removed stopwords,Full matrix,clustering,no_topic,negative,5,Pre_trained Model,Level post lowercase,binary,322,0.7912087912087912,{'C': 0.05}
79,100,100,0.9,Difference,Not Fuzzy,Removed stopwords,Full matrix,clustering,no_topic,negative,10,Pre_trained Model,Level post uppercase,binary,109,0.684931506849315,{'C': 0.05}
79,100,100,0.9,Difference,Not Fuzzy,Removed stopwords,Full matrix,clustering,no_topic,negative,10,Pre_trained Model,Level post uppercase,binary,189,0.684931506849315,{'C': 0.05}
79,100,100,0.9,Difference,Not Fuzzy,Removed stopwords,Full matrix,clustering,no_topic,negative,10,Pre_trained Model,Level post uppercase,binary,764,0.684931506849315,{'C': 0.05}
79,100,100,0.9,Difference,Not Fuzzy,Removed stopwords,Full matrix,clustering,no_topic,negative,10,Pre_trained Model,Level post uppercase,binary,380,0.684931506849315,{'C': 0.05}
79,100,100,0.9,Difference,Not Fuzzy,Removed stopwords,Full matrix,clustering,no_topic,negative,10,Pre_trained Model,Level post uppercase,binary,17,0.684931506849315,{'C': 0.05}
80,100,100,0.99,Difference,Fuzzy,Not removed stopwords,Full matrix,None,add topic,negative,5,Anorexia Model,Level post uppercase,binary,602,0.8,{'C': 0.05}
80,100,100,0.99,Difference,Fuzzy,Not removed stopwords,Full matrix,None,add topic,negative,5,Anorexia Model,Level post uppercase,binary,185,0.8,{'C': 0.05}
80,100,100,0.99,Difference,Fuzzy,Not removed stopwords,Full matrix,None,add topic,negative,5,Anorexia Model,Level post uppercase,binary,537,0.8,{'C': 0.05}
80,100,100,0.99,Difference,Fuzzy,Not removed stopwords,Full matrix,None,add topic,negative,5,Anorexia Model,Level post uppercase,binary,401,0.8,{'C': 0.05}
80,100,100,0.99,Difference,Fuzzy,Not removed stopwords,Full matrix,None,add topic,negative,5,Anorexia Model,Level post uppercase,binary,750,0.8,{'C': 0.05}
80,100,100,0.99,Difference,Fuzzy,Not removed stopwords,Full matrix,None,add topic,negative,5,Anorexia Model,Level post uppercase,binary,453,0.8,{'C': 0.05}
80,100,100,0.99,Difference,Fuzzy,Not removed stopwords,Full matrix,None,add topic,negative,5,Anorexia Model,Level post uppercase,binary,354,0.8,{'C': 0.05}
80,100,100,0.99,Difference,Fuzzy,Not removed stopwords,Full matrix,None,add topic,negative,5,Anorexia Model,Level post uppercase,binary,968,0.8,{'C': 0.05}
80,100,100,0.99,Difference,Fuzzy,Not removed stopwords,Full matrix,None,add topic,negative,5,Anorexia Model,Level post uppercase,binary,368,0.8,{'C': 0.05}
80,100,100,0.99,Difference,Fuzzy,Not removed stopwords,Full matrix,None,add topic,negative,5,Anorexia Model,Level post uppercase,binary,326,0.8,{'C': 0.05}
80,100,100,0.99,Difference,Fuzzy,Not removed stopwords,Full matrix,None,add topic,negative,5,Anorexia Model,Level post uppercase,binary,384,0.8,{'C': 0.05}
80,100,100,0.99,Difference,Fuzzy,Not removed stopwords,Full matrix,None,add topic,negative,5,Anorexia Model,Level post uppercase,binary,826,0.8,{'C': 0.05}
80,100,100,0.99,Difference,Fuzzy,Not removed stopwords,Full matrix,None,add topic,negative,5,Anorexia Model,Level post uppercase,binary,666,0.8,{'C': 0.05}
80,100,100,0.99,Difference,Fuzzy,Not removed stopwords,Full matrix,None,add topic,negative,5,Anorexia Model,Level post uppercase,binary,556,0.8,{'C': 0.05}
80,100,100,0.99,Difference,Fuzzy,Not removed stopwords,Full matrix,None,add topic,negative,5,Anorexia Model,Level post uppercase,binary,400,0.8,{'C': 0.05}
80,100,100,0.99,Difference,Fuzzy,Not removed stopwords,Full matrix,None,add topic,negative,5,Anorexia Model,Level post uppercase,binary,926,0.8,{'C': 0.05}
80,100,100,0.99,Difference,Fuzzy,Not removed stopwords,Full matrix,None,add topic,negative,5,Anorexia Model,Level post uppercase,binary,676,0.8,{'C': 0.05}
80,100,100,0.99,Difference,Fuzzy,Not removed stopwords,Full matrix,None,add topic,negative,5,Anorexia Model,Level post uppercase,binary,200,0.8,{'C': 0.05}
80,100,100,0.99,Difference,Fuzzy,Not removed stopwords,Full matrix,None,add topic,negative,5,Anorexia Model,Level post uppercase,binary,622,0.8,{'C': 0.05}
80,100,100,0.99,Difference,Fuzzy,Not removed stopwords,Full matrix,None,add topic,negative,5,Anorexia Model,Level post uppercase,binary,407,0.8,{'C': 0.05}
81,500,200,0.99,Difference,Fuzzy,Removed stopwords,Full matrix,None,add topic,negative,5,Pre_trained Model,Level post lowercase,binary,944,0.767123287671233,{'C': 0.05}
81,500,200,0.99,Difference,Fuzzy,Removed stopwords,Full matrix,None,add topic,negative,5,Pre_trained Model,Level post lowercase,binary,712,0.767123287671233,{'C': 0.05}
81,500,200,0.99,Difference,Fuzzy,Removed stopwords,Full matrix,None,add topic,negative,5,Pre_trained Model,Level post lowercase,binary,824,0.767123287671233,{'C': 0.05}
81,500,200,0.99,Difference,Fuzzy,Removed stopwords,Full matrix,None,add topic,negative,5,Pre_trained Model,Level post lowercase,binary,796,0.767123287671233,{'C': 0.05}
81,500,200,0.99,Difference,Fuzzy,Removed stopwords,Full matrix,None,add topic,negative,5,Pre_trained Model,Level post lowercase,binary,606,0.767123287671233,{'C': 0.05}
82,100,200,0.95,Difference,Fuzzy,Not removed stopwords,Full matrix,simple,add topic,positive,5,Anorexia Model,Level concatenation uppercase,binary,976,0.6904761904761904,{'C': 1}
82,100,200,0.95,Difference,Fuzzy,Not removed stopwords,Full matrix,simple,add topic,positive,5,Anorexia Model,Level concatenation uppercase,binary,70,0.6904761904761904,{'C': 1}
82,100,200,0.95,Difference,Fuzzy,Not removed stopwords,Full matrix,simple,add topic,positive,5,Anorexia Model,Level concatenation uppercase,binary,422,0.6904761904761904,{'C': 1}
82,100,200,0.95,Difference,Fuzzy,Not removed stopwords,Full matrix,simple,add topic,positive,5,Anorexia Model,Level concatenation uppercase,binary,920,0.6904761904761904,{'C': 1}
82,100,200,0.95,Difference,Fuzzy,Not removed stopwords,Full matrix,simple,add topic,positive,5,Anorexia Model,Level concatenation uppercase,binary,9,0.6904761904761904,{'C': 1}
83,500,200,0.99,Difference,Not Fuzzy,Removed stopwords,Full matrix,None,add topic,negative,5,Anorexia Model,Level post lowercase,binary,103,0.7777777777777778,{'C': 0.05}
83,500,200,0.99,Difference,Not Fuzzy,Removed stopwords,Full matrix,None,add topic,negative,5,Anorexia Model,Level post lowercase,binary,314,0.7777777777777778,{'C': 0.05}
83,500,200,0.99,Difference,Not Fuzzy,Removed stopwords,Full matrix,None,add topic,negative,5,Anorexia Model,Level post lowercase,binary,71,0.7777777777777778,{'C': 0.05}
83,500,200,0.99,Difference,Not Fuzzy,Removed stopwords,Full matrix,None,add topic,negative,5,Anorexia Model,Level post lowercase,binary,164,0.7777777777777778,{'C': 0.05}
83,500,200,0.99,Difference,Not Fuzzy,Removed stopwords,Full matrix,None,add topic,negative,5,Anorexia Model,Level post lowercase,binary,197,0.7777777777777778,{'C': 0.05}
84,100,200,0.99,No difference,Fuzzy,Not removed stopwords,Full matrix,None,add topic,positive,5,Anorexia Model,Level post uppercase,binary,421,0.7407407407407408,{'C': 0.12}
84,100,200,0.99,No difference,Fuzzy,Not removed stopwords,Full matrix,None,add topic,positive,5,Anorexia Model,Level post uppercase,binary,1,0.7407407407407408,{'C': 0.12}
84,100,200,0.99,No difference,Fuzzy,Not removed stopwords,Full matrix,None,add topic,positive,5,Anorexia Model,Level post uppercase,binary,774,0.7407407407407408,{'C': 0.12}
84,100,200,0.99,No difference,Fuzzy,Not removed stopwords,Full matrix,None,add topic,positive,5,Anorexia Model,Level post uppercase,binary,852,0.7407407407407408,{'C': 0.12}
84,100,200,0.99,No difference,Fuzzy,Not removed stopwords,Full matrix,None,add topic,positive,5,Anorexia Model,Level post uppercase,binary,628,0.7407407407407408,{'C': 0.12}
85,100,100,0.99,No difference,Fuzzy,Removed stopwords,Full matrix,None,add topic,positive,5,Anorexia Model,Level post uppercase,binary,542,0.7179487179487181,{'C': 0.5}
85,100,100,0.99,No difference,Fuzzy,Removed stopwords,Full matrix,None,add topic,positive,5,Anorexia Model,Level post uppercase,binary,863,0.7179487179487181,{'C': 0.5}
85,100,100,0.99,No difference,Fuzzy,Removed stopwords,Full matrix,None,add topic,positive,5,Anorexia Model,Level post uppercase,binary,305,0.7179487179487181,{'C': 0.5}
85,100,100,0.99,No difference,Fuzzy,Removed stopwords,Full matrix,None,add topic,positive,5,Anorexia Model,Level post uppercase,binary,849,0.7179487179487181,{'C': 0.5}
85,100,100,0.99,No difference,Fuzzy,Removed stopwords,Full matrix,None,add topic,positive,5,Anorexia Model,Level post uppercase,binary,823,0.7179487179487181,{'C': 0.5}
86,2000,2000,0.99,No difference,Fuzzy,Not removed stopwords,Full matrix,None,add topic,both,20,Anorexia Model,Level post uppercase,binary,698,0.6461538461538462,{'C': 0.05}
86,2000,2000,0.99,No difference,Fuzzy,Not removed stopwords,Full matrix,None,add topic,both,20,Anorexia Model,Level post uppercase,binary,296,0.6461538461538462,{'C': 0.05}
86,2000,2000,0.99,No difference,Fuzzy,Not removed stopwords,Full matrix,None,add topic,both,20,Anorexia Model,Level post uppercase,binary,27,0.6461538461538462,{'C': 0.05}
86,2000,2000,0.99,No difference,Fuzzy,Not removed stopwords,Full matrix,None,add topic,both,20,Anorexia Model,Level post uppercase,binary,777,0.6461538461538462,{'C': 0.05}
86,2000,2000,0.99,No difference,Fuzzy,Not removed stopwords,Full matrix,None,add topic,both,20,Anorexia Model,Level post uppercase,binary,821,0.6461538461538462,{'C': 0.05}
87,300,700,0.99,Difference,Not Fuzzy,Removed stopwords,Full matrix,None,add topic,negative,10,Anorexia Model,Level post lowercase,binary,377,0.7428571428571429,{'C': 0.05}
87,300,700,0.99,Difference,Not Fuzzy,Removed stopwords,Full matrix,None,add topic,negative,10,Anorexia Model,Level post lowercase,binary,80,0.7428571428571429,{'C': 0.05}
87,300,700,0.99,Difference,Not Fuzzy,Removed stopwords,Full matrix,None,add topic,negative,10,Anorexia Model,Level post lowercase,binary,544,0.7428571428571429,{'C': 0.05}
87,300,700,0.99,Difference,Not Fuzzy,Removed stopwords,Full matrix,None,add topic,negative,10,Anorexia Model,Level post lowercase,binary,170,0.7428571428571429,{'C': 0.05}
87,300,700,0.99,Difference,Not Fuzzy,Removed stopwords,Full matrix,None,add topic,negative,10,Anorexia Model,Level post lowercase,binary,430,0.7428571428571429,{'C': 0.05}
88,100,200,0.99,No difference,Not Fuzzy,Not removed stopwords,Full matrix,None,add topic,negative,5,Anorexia Model,Level post uppercase,binary,301,0.7804878048780488,{'C': 0.12}
88,100,200,0.99,No difference,Not Fuzzy,Not removed stopwords,Full matrix,None,add topic,negative,5,Anorexia Model,Level post uppercase,binary,207,0.7804878048780488,{'C': 0.12}
88,100,200,0.99,No difference,Not Fuzzy,Not removed stopwords,Full matrix,None,add topic,negative,5,Anorexia Model,Level post uppercase,binary,300,0.7804878048780488,{'C': 0.12}
88,100,200,0.99,No difference,Not Fuzzy,Not removed stopwords,Full matrix,None,add topic,negative,5,Anorexia Model,Level post uppercase,binary,585,0.7804878048780488,{'C': 0.12}
88,100,200,0.99,No difference,Not Fuzzy,Not removed stopwords,Full matrix,None,add topic,negative,5,Anorexia Model,Level post uppercase,binary,906,0.7804878048780488,{'C': 0.12}
89,300,700,0.99,Difference,Fuzzy,Removed stopwords,Full matrix,None,add topic,negative,5,Anorexia Model,Level post lowercase,binary,837,0.7428571428571429,{'C': 0.05}
89,300,700,0.99,Difference,Fuzzy,Removed stopwords,Full matrix,None,add topic,negative,5,Anorexia Model,Level post lowercase,binary,642,0.7428571428571429,{'C': 0.05}
89,300,700,0.99,Difference,Fuzzy,Removed stopwords,Full matrix,None,add topic,negative,5,Anorexia Model,Level post lowercase,binary,621,0.7428571428571429,{'C': 0.05}
89,300,700,0.99,Difference,Fuzzy,Removed stopwords,Full matrix,None,add topic,negative,5,Anorexia Model,Level post lowercase,binary,261,0.7428571428571429,{'C': 0.05}
89,300,700,0.99,Difference,Fuzzy,Removed stopwords,Full matrix,None,add topic,negative,5,Anorexia Model,Level post lowercase,binary,62,0.7428571428571429,{'C': 0.05}
90,1500,1200,0.99,Difference,Not Fuzzy,Not removed stopwords,Full matrix,None,add topic,both,5,Anorexia Model,Level post uppercase,binary,435,0.676923076923077,{'C': 0.05}
90,1500,1200,0.99,Difference,Not Fuzzy,Not removed stopwords,Full matrix,None,add topic,both,5,Anorexia Model,Level post uppercase,binary,414,0.676923076923077,{'C': 0.05}
90,1500,1200,0.99,Difference,Not Fuzzy,Not removed stopwords,Full matrix,None,add topic,both,5,Anorexia Model,Level post uppercase,binary,73,0.676923076923077,{'C': 0.05}
90,1500,1200,0.99,Difference,Not Fuzzy,Not removed stopwords,Full matrix,None,add topic,both,5,Anorexia Model,Level post uppercase,binary,677,0.676923076923077,{'C': 0.05}
90,1500,1200,0.99,Difference,Not Fuzzy,Not removed stopwords,Full matrix,None,add topic,both,5,Anorexia Model,Level post uppercase,binary,374,0.676923076923077,{'C': 0.05}
91,1000,1200,0.99,No difference,Not Fuzzy,Not removed stopwords,Full matrix,None,add topic,positive,5,Anorexia Model,Level post lowercase,binary,585,0.7142857142857144,{'C': 0.05}
91,1000,1200,0.99,No difference,Not Fuzzy,Not removed stopwords,Full matrix,None,add topic,positive,5,Anorexia Model,Level post lowercase,binary,348,0.7142857142857144,{'C': 0.05}
91,1000,1200,0.99,No difference,Not Fuzzy,Not removed stopwords,Full matrix,None,add topic,positive,5,Anorexia Model,Level post lowercase,binary,968,0.7142857142857144,{'C': 0.05}
91,1000,1200,0.99,No difference,Not Fuzzy,Not removed stopwords,Full matrix,None,add topic,positive,5,Anorexia Model,Level post lowercase,binary,244,0.7142857142857144,{'C': 0.05}
91,1000,1200,0.99,No difference,Not Fuzzy,Not removed stopwords,Full matrix,None,add topic,positive,5,Anorexia Model,Level post lowercase,binary,286,0.7142857142857144,{'C': 0.05}
92,1000,800,0.99,No difference,Not Fuzzy,Removed stopwords,Full matrix,None,add topic,positive,5,Pre_trained Model,Level post lowercase,binary,498,0.7142857142857144,{'C': 0.05}
92,1000,800,0.99,No difference,Not Fuzzy,Removed stopwords,Full matrix,None,add topic,positive,5,Pre_trained Model,Level post lowercase,binary,377,0.7142857142857144,{'C': 0.05}
92,1000,800,0.99,No difference,Not Fuzzy,Removed stopwords,Full matrix,None,add topic,positive,5,Pre_trained Model,Level post lowercase,binary,194,0.7142857142857144,{'C': 0.05}
92,1000,800,0.99,No difference,Not Fuzzy,Removed stopwords,Full matrix,None,add topic,positive,5,Pre_trained Model,Level post lowercase,binary,762,0.7142857142857144,{'C': 0.05}
92,1000,800,0.99,No difference,Not Fuzzy,Removed stopwords,Full matrix,None,add topic,positive,5,Pre_trained Model,Level post lowercase,binary,821,0.7142857142857144,{'C': 0.05}
93,100,100,0.99,Difference,Not Fuzzy,Removed stopwords,Full matrix,None,add topic,negative,5,Anorexia Model,Level post uppercase,binary,408,0.7848101265822786,{'C': 0.05}
93,100,100,0.99,Difference,Not Fuzzy,Removed stopwords,Full matrix,None,add topic,negative,5,Anorexia Model,Level post uppercase,binary,769,0.7848101265822786,{'C': 0.05}
93,100,100,0.99,Difference,Not Fuzzy,Removed stopwords,Full matrix,None,add topic,negative,5,Anorexia Model,Level post uppercase,binary,156,0.7848101265822786,{'C': 0.05}
93,100,100,0.99,Difference,Not Fuzzy,Removed stopwords,Full matrix,None,add topic,negative,5,Anorexia Model,Level post uppercase,binary,299,0.7848101265822786,{'C': 0.05}
93,100,100,0.99,Difference,Not Fuzzy,Removed stopwords,Full matrix,None,add topic,negative,5,Anorexia Model,Level post uppercase,binary,721,0.7848101265822786,{'C': 0.05}
94,500,200,0.99,Difference,Fuzzy,Not removed stopwords,Full matrix,None,add topic,negative,10,Anorexia Model,Level post uppercase,binary,232,0.767123287671233,{'C': 0.05}
94,500,200,0.99,Difference,Fuzzy,Not removed stopwords,Full matrix,None,add topic,negative,10,Anorexia Model,Level post uppercase,binary,802,0.767123287671233,{'C': 0.05}
94,500,200,0.99,Difference,Fuzzy,Not removed stopwords,Full matrix,None,add topic,negative,10,Anorexia Model,Level post uppercase,binary,648,0.767123287671233,{'C': 0.05}
94,500,200,0.99,Difference,Fuzzy,Not removed stopwords,Full matrix,None,add topic,negative,10,Anorexia Model,Level post uppercase,binary,513,0.767123287671233,{'C': 0.05}
94,500,200,0.99,Difference,Fuzzy,Not removed stopwords,Full matrix,None,add topic,negative,10,Anorexia Model,Level post uppercase,binary,80,0.767123287671233,{'C': 0.05}
95,500,200,0.99,No difference,Fuzzy,Removed stopwords,Full matrix,None,add topic,negative,5,Anorexia Model,Level post lowercase,binary,533,0.6933333333333332,{'C': 0.05}
95,500,200,0.99,No difference,Fuzzy,Removed stopwords,Full matrix,None,add topic,negative,5,Anorexia Model,Level post lowercase,binary,442,0.6933333333333332,{'C': 0.05}
95,500,200,0.99,No difference,Fuzzy,Removed stopwords,Full matrix,None,add topic,negative,5,Anorexia Model,Level post lowercase,binary,835,0.6933333333333332,{'C': 0.05}
95,500,200,0.99,No difference,Fuzzy,Removed stopwords,Full matrix,None,add topic,negative,5,Anorexia Model,Level post lowercase,binary,44,0.6933333333333332,{'C': 0.05}
95,500,200,0.99,No difference,Fuzzy,Removed stopwords,Full matrix,None,add topic,negative,5,Anorexia Model,Level post lowercase,binary,392,0.6933333333333332,{'C': 0.05}
96,300,700,0.95,No difference,Not Fuzzy,Removed stopwords,Full matrix,None,add topic,both,5,Anorexia Model,Level post lowercase,binary,294,0.6666666666666666,{'C': 1}
96,300,700,0.95,No difference,Not Fuzzy,Removed stopwords,Full matrix,None,add topic,both,5,Anorexia Model,Level post lowercase,binary,826,0.6756756756756757,{'C': 0.05}
96,300,700,0.95,No difference,Not Fuzzy,Removed stopwords,Full matrix,None,add topic,both,5,Anorexia Model,Level post lowercase,binary,329,0.6666666666666666,{'C': 0.25}
96,300,700,0.95,No difference,Not Fuzzy,Removed stopwords,Full matrix,None,add topic,both,5,Anorexia Model,Level post lowercase,binary,775,0.6666666666666666,{'C': 1}
96,300,700,0.95,No difference,Not Fuzzy,Removed stopwords,Full matrix,None,add topic,both,5,Anorexia Model,Level post lowercase,binary,391,0.6666666666666666,{'C': 4}
97,1000,800,0.99,Difference,Fuzzy,Removed stopwords,Full matrix,None,add topic,positive,10,Anorexia Model,Level post lowercase,binary,625,0.7352941176470589,{'C': 0.05}
97,1000,800,0.99,Difference,Fuzzy,Removed stopwords,Full matrix,None,add topic,positive,10,Anorexia Model,Level post lowercase,binary,752,0.7352941176470589,{'C': 0.05}
97,1000,800,0.99,Difference,Fuzzy,Removed stopwords,Full matrix,None,add topic,positive,10,Anorexia Model,Level post lowercase,binary,822,0.7352941176470589,{'C': 0.05}
97,1000,800,0.99,Difference,Fuzzy,Removed stopwords,Full matrix,None,add topic,positive,10,Anorexia Model,Level post lowercase,binary,518,0.7352941176470589,{'C': 0.05}
97,1000,800,0.99,Difference,Fuzzy,Removed stopwords,Full matrix,None,add topic,positive,10,Anorexia Model,Level post lowercase,binary,774,0.7352941176470589,{'C': 0.05}
98,500,2000,0.99,No difference,Not Fuzzy,Removed stopwords,Full matrix,None,add topic,negative,5,Pre_trained Model,Level post lowercase,binary,706,0.7058823529411764,{'C': 0.05}
98,500,2000,0.99,No difference,Not Fuzzy,Removed stopwords,Full matrix,None,add topic,negative,5,Pre_trained Model,Level post lowercase,binary,0,0.7058823529411764,{'C': 0.05}
98,500,2000,0.99,No difference,Not Fuzzy,Removed stopwords,Full matrix,None,add topic,negative,5,Pre_trained Model,Level post lowercase,binary,818,0.7058823529411764,{'C': 0.05}
98,500,2000,0.99,No difference,Not Fuzzy,Removed stopwords,Full matrix,None,add topic,negative,5,Pre_trained Model,Level post lowercase,binary,296,0.7058823529411764,{'C': 0.05}
98,500,2000,0.99,No difference,Not Fuzzy,Removed stopwords,Full matrix,None,add topic,negative,5,Pre_trained Model,Level post lowercase,binary,59,0.7058823529411764,{'C': 0.05}
99,500,200,0.9,Difference,Not Fuzzy,Removed stopwords,Full matrix,simple,add topic,negative,5,Pre_trained Model,Level post lowercase,binary,711,0.8,{'C': 0.05}
99,500,200,0.9,Difference,Not Fuzzy,Removed stopwords,Full matrix,simple,add topic,negative,5,Pre_trained Model,Level post lowercase,binary,619,0.8,{'C': 0.05}
99,500,200,0.9,Difference,Not Fuzzy,Removed stopwords,Full matrix,simple,add topic,negative,5,Pre_trained Model,Level post lowercase,binary,444,0.8,{'C': 0.05}
99,500,200,0.9,Difference,Not Fuzzy,Removed stopwords,Full matrix,simple,add topic,negative,5,Pre_trained Model,Level post lowercase,binary,397,0.8,{'C': 0.05}
99,500,200,0.9,Difference,Not Fuzzy,Removed stopwords,Full matrix,simple,add topic,negative,5,Pre_trained Model,Level post lowercase,binary,579,0.8,{'C': 0.05}